user_pseudo_id,first_order_date,purchase_day_of_week,purchase_hour_utc,device_category,first_source,first_medium,first_order_revenue,first_order_items,sessions_before_first_purchase,product_views_before_purchase,add_to_cart_before_purchase,checkout_events_before_purchase,search_events_before_purchase,days_first_visit_to_purchase,repeat_purchase_30d
12485307.5806877734,2020-11-12,5,9,desktop,(data deleted),(data deleted),54.0,3,3,8,0,2,1,,0
74159065.7287032878,2020-11-12,5,11,desktop,(data deleted),(data deleted),46.0,1,1,3,0,2,0,,0
8204448.9073098218,2020-11-12,5,22,desktop,(data deleted),(data deleted),168.0,8,5,42,0,6,0,,0
2794121.3808098678,2020-11-13,6,21,desktop,(data deleted),(data deleted),92.0,1,2,0,0,2,0,7,0
1874742.4444474598,2020-11-13,6,3,desktop,(data deleted),(data deleted),44.0,1,3,6,0,2,0,,0
2684090.0831718948,2020-11-13,6,21,desktop,(data deleted),(data deleted),81.0,3,1,6,0,4,0,,0
5242740.3027110338,2020-11-13,6,14,desktop,(data deleted),(data deleted),35.0,13,1,12,0,2,0,,0
2992162.7816495834,2020-11-13,6,22,desktop,(data deleted),(data deleted),119.0,3,3,10,0,6,0,,1
2476173.9104747305,2020-11-13,6,5,desktop,(data deleted),(data deleted),48.0,1,1,2,0,2,0,,1
82865714.7704602382,2020-11-13,6,15,desktop,(data deleted),(data deleted),55.0,5,2,29,0,2,0,0,0
7446712.2726872272,2020-11-13,6,16,desktop,(data deleted),(data deleted),63.0,1,6,60,0,15,0,9,0
8872008.3003968101,2020-11-14,7,0,desktop,(data deleted),(data deleted),59.0,4,1,7,0,2,0,,0
46883960.6190957761,2020-11-14,7,4,desktop,(data deleted),(data deleted),127.0,6,2,43,0,2,0,6,0
29035347.8015724334,2020-11-14,7,6,desktop,(data deleted),(data deleted),101.0,2,3,4,0,4,4,0,0
91950347.7626682265,2020-11-15,1,22,desktop,(data deleted),(data deleted),44.0,1,2,18,0,2,0,,0
79677269.4180879894,2020-11-15,1,22,desktop,(data deleted),(data deleted),96.0,1,2,2,0,6,0,,0
34976491.2114125776,2020-11-16,2,16,desktop,(data deleted),(data deleted),98.0,2,1,4,1,6,0,,0
3370196.0460875623,2020-11-16,2,22,desktop,(data deleted),(data deleted),102.0,3,2,4,0,8,0,0,0
79061268.0848182319,2020-11-16,2,5,desktop,(data deleted),(data deleted),23.0,4,1,10,0,2,0,,0
18938448.3710776022,2020-11-16,2,23,desktop,(data deleted),(data deleted),125.0,5,3,50,4,10,0,10,0
66000056.3111790804,2020-11-16,2,13,desktop,(data deleted),(data deleted),55.0,3,3,14,0,4,0,,0
53271954.4292633938,2020-11-17,3,15,desktop,(data deleted),(data deleted),33.0,3,1,23,7,2,0,,0
35388939.9653515999,2020-11-17,3,15,desktop,(data deleted),(data deleted),18.0,1,2,6,2,2,0,0,0
8990340.3316542817,2020-11-17,3,3,desktop,(data deleted),(data deleted),50.0,3,1,10,6,14,5,,0
2221470.3700307056,2020-11-17,3,9,desktop,(data deleted),(data deleted),44.0,1,1,7,0,4,0,,0
12877939.3694492500,2020-11-17,3,8,desktop,(data deleted),(data deleted),61.0,4,4,19,0,6,0,5,0
31713671.8301075277,2020-11-17,3,7,desktop,(data deleted),(data deleted),41.0,4,3,51,0,8,0,5,0
57966618.4492876538,2020-11-18,4,9,desktop,(data deleted),(data deleted),14.0,2,1,2,0,2,0,,1
16533293.5005173202,2020-11-18,4,9,desktop,(data deleted),(data deleted),55.0,1,1,4,0,6,0,,0
76356424.0978454972,2020-11-18,4,22,desktop,(data deleted),(data deleted),85.0,11,4,23,0,3,0,,0
76236262.3256398802,2020-11-18,4,4,desktop,(data deleted),(data deleted),89.0,1,3,4,0,1,0,16,0
41590177.4228524607,2020-11-18,4,18,desktop,(data deleted),(data deleted),24.0,1,6,6,0,3,0,,0
1603505.5621824416,2020-11-19,5,13,desktop,(data deleted),(data deleted),30.0,1,3,10,0,7,0,6,0
8039416.4498627108,2020-11-19,5,17,desktop,(data deleted),(data deleted),44.0,2,1,2,0,2,0,,0
85359676.8060209084,2020-11-20,6,13,desktop,(data deleted),(data deleted),24.0,8,3,14,0,2,0,1,0
67244316.0781736432,2020-11-20,6,16,desktop,(data deleted),(data deleted),44.0,1,4,30,0,1,0,,0
8693458.9667648603,2020-11-21,7,14,desktop,(data deleted),(data deleted),13.0,1,2,2,0,6,0,0,0
7285756326.1533513847,2020-11-22,1,0,desktop,(data deleted),(data deleted),285.0,4,2,1,0,2,0,4,0
91380786.2722892117,2020-11-22,1,23,desktop,(data deleted),(data deleted),22.0,4,2,6,0,1,4,0,0
58393225.4182288649,2020-11-22,1,23,desktop,(data deleted),(data deleted),38.0,2,3,14,0,1,2,0,0
66897566.4482598405,2020-11-23,2,21,desktop,(data deleted),(data deleted),97.0,3,2,20,0,1,0,18,0
43627350.3807676886,2020-11-23,2,8,desktop,(data deleted),(data deleted),59.0,14,1,14,0,3,0,,0
44093840.8232543120,2020-11-23,2,12,desktop,(data deleted),(data deleted),30.0,1,2,1,0,3,0,1,0
6533788.3267075710,2020-11-23,2,22,desktop,(data deleted),(data deleted),72.0,3,1,4,0,2,0,,1
73424628.5901378284,2020-11-23,2,23,desktop,(data deleted),(data deleted),55.0,4,4,6,0,1,0,,0
49068184.0131644651,2020-11-23,2,4,desktop,(data deleted),(data deleted),116.0,6,3,31,1,2,0,4,0
5444414.6051845735,2020-11-24,3,16,desktop,(data deleted),(data deleted),49.0,4,2,14,0,3,0,,0
9171293.1843144903,2020-11-24,3,2,desktop,(data deleted),(data deleted),30.0,1,2,6,0,1,0,0,0
71426813.6484576444,2020-11-24,3,3,desktop,(data deleted),(data deleted),35.0,1,1,2,0,1,0,,0
51986505.2747565154,2020-11-24,3,15,desktop,(data deleted),(data deleted),73.0,4,1,46,0,3,0,,0
61777800.1566735080,2020-11-24,3,15,desktop,(data deleted),(data deleted),14.0,1,1,7,0,3,0,,0
58568906.5092468761,2020-11-24,3,14,desktop,(data deleted),(data deleted),90.0,3,1,8,0,1,0,,0
75194502.2750916231,2020-11-24,3,17,desktop,(data deleted),(data deleted),44.0,1,3,28,0,2,1,,0
6567766382.8954640880,2020-11-24,3,16,desktop,(data deleted),(data deleted),156.0,9,4,86,0,4,0,1,0
6273742.7608658637,2020-11-25,4,3,desktop,(data deleted),(data deleted),89.0,1,1,1,0,1,0,,0
51065226.4802983076,2020-11-25,4,16,desktop,(data deleted),(data deleted),54.0,2,2,7,0,2,0,0,0
1624875.9469354174,2020-11-25,4,3,desktop,(data deleted),(data deleted),231.0,4,7,22,0,2,0,,0
39055352.8212242473,2020-11-25,4,1,desktop,(data deleted),(data deleted),53.0,12,3,12,0,4,6,14,0
7563529.3170258070,2020-11-25,4,20,desktop,(data deleted),(data deleted),14.0,1,1,5,1,3,0,,0
9004033.5064832188,2020-11-25,4,18,desktop,(data deleted),(data deleted),6.0,3,1,5,0,1,0,,0
62526775.3330591472,2020-11-25,4,5,desktop,(data deleted),(data deleted),72.0,13,6,17,0,1,0,,0
7560154.8773295578,2020-11-25,4,19,desktop,(data deleted),(data deleted),61.0,6,3,29,6,2,0,,0
26890766.3795079711,2020-11-26,5,23,desktop,(data deleted),(data deleted),30.0,2,2,12,7,1,0,1,0
88841711.9549610063,2020-11-26,5,23,desktop,(data deleted),(data deleted),93.0,2,1,4,0,1,0,,0
7987433.0547250841,2020-11-26,5,0,desktop,(data deleted),(data deleted),16.0,1,2,9,0,1,0,0,0
67357465.5172454961,2020-11-27,6,8,desktop,(data deleted),(data deleted),89.0,8,3,59,2,3,5,,0
1365954.5278744848,2020-11-27,6,14,desktop,(data deleted),(data deleted),29.0,2,2,6,0,2,1,,0
2608321.7754187990,2020-11-27,6,16,desktop,(data deleted),(data deleted),56.0,3,2,35,9,1,3,1,0
7378247.2288341132,2020-11-27,6,10,desktop,<Other>,(data deleted),72.0,3,6,22,5,4,0,10,0
70070374.0319399848,2020-11-27,6,15,desktop,(data deleted),(data deleted),14.0,4,2,13,15,1,0,,0
3597047.3508477413,2020-11-27,6,1,desktop,(data deleted),(data deleted),30.0,1,2,2,2,1,0,0,0
65904468.2920700958,2020-11-27,6,6,desktop,(data deleted),(data deleted),68.0,2,2,25,5,1,0,,0
7147579.2005144402,2020-11-27,6,23,desktop,(data deleted),(data deleted),199.0,5,2,25,1,2,0,0,0
72038010.9868034309,2020-11-27,6,8,desktop,(data deleted),(data deleted),88.0,4,2,29,7,2,0,,0
5982257.3675354568,2020-11-27,6,2,desktop,(data deleted),(data deleted),12.0,1,1,1,1,1,1,,0
59881976.1815940735,2020-11-27,6,21,desktop,(data deleted),(data deleted),81.0,3,6,13,7,4,0,9,0
90535239.2552572855,2020-11-28,7,3,desktop,(data deleted),(data deleted),48.0,1,2,9,8,1,0,0,0
4006408.4191828877,2020-11-28,7,14,desktop,(data deleted),(data deleted),100.0,5,4,17,10,1,1,0,0
18383544.6572002162,2020-11-28,7,11,desktop,(data deleted),(data deleted),157.0,2,3,40,2,1,0,1,0
82678941.3895630154,2020-11-28,7,21,desktop,(data deleted),(data deleted),49.0,5,5,12,4,2,3,4,0
2582683.5950078298,2020-11-29,1,11,desktop,<Other>,(data deleted),24.0,1,3,0,0,2,0,,1
60946114.0900351195,2020-11-29,1,19,desktop,(data deleted),(data deleted),63.0,2,5,36,1,4,0,1,0
12720798.7319314400,2020-11-29,1,16,desktop,(data deleted),(data deleted),13.0,1,3,2,1,6,0,13,0
23521075.3819657245,2020-11-29,1,1,desktop,(data deleted),(data deleted),55.0,4,9,62,15,1,0,,0
8893175.3937909394,2020-11-29,1,21,desktop,(data deleted),(data deleted),16.0,1,5,13,2,7,0,14,1
2128096.6237048343,2020-11-30,2,19,desktop,(data deleted),(data deleted),40.0,2,2,22,9,8,0,,0
48154162.5010970818,2020-11-30,2,9,desktop,(data deleted),(data deleted),74.0,2,2,6,6,4,0,,0
24039713.3893436235,2020-11-30,2,12,desktop,(data deleted),(data deleted),28.0,1,3,14,3,6,0,4,0
8224884.5817385201,2020-11-30,2,21,desktop,(data deleted),(data deleted),191.0,13,8,62,9,18,0,,0
6307506.0897275676,2020-11-30,2,23,desktop,(data deleted),(data deleted),44.0,1,2,3,4,2,0,0,0
52687165.0903734385,2020-11-30,2,14,desktop,(data deleted),(data deleted),64.0,4,4,21,6,6,0,,0
50264907.6315911120,2020-11-30,2,5,desktop,(data deleted),(data deleted),20.0,1,2,2,0,2,0,,1
76261339.4275213567,2020-12-01,3,0,desktop,(data deleted),(data deleted),99.0,4,5,26,7,2,0,20,0
6196666.0735120251,2020-12-01,3,17,desktop,(data deleted),(data deleted),24.0,1,2,15,6,2,0,0,0
22038652.9104855848,2020-12-01,3,7,desktop,(data deleted),(data deleted),62.0,2,2,8,5,6,0,0,0
1924508.4688592165,2020-12-01,3,5,desktop,(data deleted),(data deleted),14.0,1,3,3,1,6,0,0,0
80606681.4991751112,2020-12-01,3,1,desktop,(data deleted),(data deleted),185.0,16,2,61,4,2,0,11,0
56946920.7497732024,2020-12-01,3,4,desktop,(data deleted),(data deleted),24.0,2,3,3,0,4,0,,1
74327423.0129277030,2020-12-01,3,2,desktop,(data deleted),(data deleted),44.0,3,2,26,13,2,0,0,0
7511439.0962681263,2020-12-01,3,11,desktop,(data deleted),(data deleted),92.0,1,5,7,6,14,0,0,0
63884332.6008916710,2020-12-01,3,20,desktop,(data deleted),(data deleted),80.0,4,2,19,0,6,0,12,0
1826170.8537903139,2020-12-02,4,13,desktop,(data deleted),(data deleted),44.0,1,3,6,2,10,0,1,0
3381037907.7217581644,2020-12-02,4,9,desktop,(data deleted),(data deleted),219.0,7,2,38,23,4,0,,1
85593304.3386213690,2020-12-02,4,19,desktop,(data deleted),(data deleted),39.0,3,3,17,7,8,0,0,0
2321760.0432411967,2020-12-03,5,4,desktop,(data deleted),(data deleted),58.0,8,2,20,17,2,0,5,1
33374347.9195100558,2020-12-03,5,8,desktop,(data deleted),(data deleted),79.0,1,3,6,1,3,0,30,0
4812713.8439320005,2020-12-03,5,1,desktop,(data deleted),(data deleted),44.0,1,11,65,15,22,0,1,0
8992560.0877088817,2020-12-03,5,20,desktop,(data deleted),(data deleted),10.0,1,2,11,0,4,0,0,0
5550109.1370911778,2020-12-03,5,3,desktop,(data deleted),(data deleted),14.0,1,1,4,0,4,0,,1
72819503.7856622601,2020-12-04,6,12,desktop,(data deleted),(data deleted),44.0,2,4,7,3,2,0,17,0
8806541.1000901339,2020-12-04,6,1,desktop,(data deleted),(data deleted),46.0,3,3,12,0,6,0,,0
20687527.9358545857,2020-12-04,6,4,desktop,(data deleted),(data deleted),10.0,1,2,5,1,4,0,,0
74275572.8018336190,2020-12-05,7,19,desktop,(data deleted),(data deleted),156.0,9,2,50,18,2,1,1,0
46447555.4038041791,2020-12-05,7,17,desktop,(data deleted),(data deleted),18.0,1,2,2,1,2,0,13,0
5797185.5565350475,2020-12-05,7,22,desktop,(data deleted),(data deleted),79.0,5,3,26,16,8,4,0,0
30956870.6460404440,2020-12-05,7,1,desktop,(data deleted),(data deleted),71.0,5,2,21,20,2,8,0,1
38820363.2818595515,2020-12-05,7,2,desktop,(data deleted),(data deleted),72.0,3,1,21,1,10,0,,0
5401870.8880744857,2020-12-05,7,2,desktop,(data deleted),(data deleted),182.0,6,7,76,7,6,0,2,0
44822468.0260411018,2020-12-06,1,20,desktop,(data deleted),(data deleted),197.0,19,3,48,23,8,0,0,0
1318733.0567000195,2020-12-06,1,9,desktop,(data deleted),(data deleted),140.0,15,7,68,19,6,0,4,0
26105678.1036002654,2020-12-06,1,13,desktop,(data deleted),(data deleted),38.0,1,2,12,1,2,0,2,0
183705312.7034973571,2020-12-06,1,22,desktop,(data deleted),(data deleted),13.0,1,2,2,0,2,0,0,0
9691978.5306663074,2020-12-07,2,15,desktop,(data deleted),(data deleted),44.0,1,5,20,2,10,0,3,0
76654420.3019926863,2020-12-07,2,12,desktop,(data deleted),(data deleted),68.0,2,2,19,11,8,0,0,0
3086397.9583021338,2020-12-07,2,8,desktop,(data deleted),(data deleted),60.0,4,3,45,0,22,1,2,1
23527570.8230617970,2020-12-07,2,14,desktop,(data deleted),(data deleted),55.0,1,4,14,0,2,0,4,0
65189693.2787755996,2020-12-07,2,22,desktop,(data deleted),(data deleted),34.0,8,3,31,6,12,0,10,0
62395011.7852261797,2020-12-07,2,13,desktop,(data deleted),(data deleted),27.0,5,2,16,6,6,0,0,0
31022795.7870947773,2020-12-07,2,5,desktop,(data deleted),(data deleted),56.0,2,4,9,4,10,0,6,0
90544735.0149811314,2020-12-07,2,8,desktop,(data deleted),(data deleted),47.0,3,2,26,6,2,0,,0
38579036.9404376300,2020-12-07,2,16,desktop,(data deleted),(data deleted),20.0,1,8,22,3,8,0,,1
44220779.5067468026,2020-12-07,2,7,desktop,(data deleted),(data deleted),92.0,1,3,1,0,2,0,,0
7330479.6061874897,2020-12-08,3,22,desktop,(data deleted),(data deleted),43.0,15,2,22,7,6,1,3,0
66722347.8983163223,2020-12-08,3,13,desktop,(data deleted),(data deleted),40.0,6,3,23,7,2,0,2,1
68810872.5074560693,2020-12-08,3,4,desktop,(data deleted),(data deleted),84.0,2,2,14,1,2,0,,0
79214612.7407451783,2020-12-08,3,12,desktop,(data deleted),(data deleted),110.0,2,2,18,13,4,0,0,0
10945077.7212556025,2020-12-08,3,15,desktop,(data deleted),(data deleted),166.0,16,7,20,1,14,0,6,0
5797412.4268230639,2020-12-08,3,22,desktop,(data deleted),(data deleted),49.0,3,3,34,13,6,0,5,0
18352719.3439042150,2020-12-09,4,8,desktop,(data deleted),(data deleted),48.0,1,2,19,2,2,0,,0
3385850.7952852405,2020-12-09,4,23,desktop,(data deleted),(data deleted),114.0,4,4,91,24,8,0,7,0
55182047.5260548965,2020-12-09,4,3,desktop,(data deleted),(data deleted),21.0,4,1,7,6,6,0,,0
36739590.6951379629,2020-12-09,4,9,desktop,(data deleted),(data deleted),178.0,7,3,26,9,4,0,0,0
63264809.7446857295,2020-12-09,4,4,desktop,(data deleted),(data deleted),34.0,2,6,38,3,14,0,1,1
7266315847.3933453880,2020-12-10,5,15,desktop,(data deleted),(data deleted),86.0,4,4,18,0,2,0,2,0
1516904.8325459706,2020-12-10,5,20,desktop,(data deleted),(data deleted),63.0,1,4,9,2,8,0,1,0
6901273.5838040643,2020-12-10,5,12,desktop,(data deleted),(data deleted),52.0,4,2,31,8,10,0,0,0
80120305.1144725890,2020-12-10,5,23,desktop,(data deleted),(data deleted),159.0,4,3,22,1,4,0,0,0
55570200.4023713914,2020-12-10,5,3,desktop,(data deleted),(data deleted),106.0,5,5,12,11,2,0,29,0
42973705.2604123071,2020-12-10,5,16,desktop,(data deleted),(data deleted),20.0,2,3,11,3,2,2,0,0
76568713.5662041611,2020-12-10,5,12,desktop,(data deleted),(data deleted),13.0,2,7,31,6,4,0,17,0
17829165.8694191080,2020-12-10,5,18,desktop,(data deleted),(data deleted),175.0,9,2,28,6,4,0,,0
5483935.0640320145,2020-12-10,5,16,desktop,(data deleted),(data deleted),14.0,1,3,38,9,2,0,9,0
6952489.3805781228,2020-12-10,5,4,desktop,(data deleted),(data deleted),99.0,6,1,36,22,8,0,,0
8278411.7423220409,2020-12-10,5,17,desktop,(data deleted),(data deleted),66.0,3,2,6,1,2,0,0,1
5177505373.3913252249,2020-12-10,5,7,desktop,(data deleted),(data deleted),24.0,1,5,39,17,4,0,2,0
5729410.5717226626,2020-12-10,5,21,desktop,(data deleted),(data deleted),50.0,2,5,16,1,2,0,21,0
90251492.3785965080,2020-12-11,6,15,desktop,(data deleted),(data deleted),48.0,5,4,69,0,4,1,,0
42675324.3658621899,2020-12-11,6,2,desktop,(data deleted),(data deleted),114.0,3,1,17,6,8,0,,0
2346008.0354634581,2020-12-11,6,7,desktop,(data deleted),(data deleted),10.0,1,2,6,0,2,0,0,0
89614760.0710580726,2020-12-11,6,7,desktop,(data deleted),(data deleted),86.0,13,2,145,13,8,18,0,0
8350155.0813400851,2020-12-11,6,23,desktop,(data deleted),(data deleted),49.0,4,2,9,13,4,0,0,0
30722025.0159475730,2020-12-11,6,7,desktop,(data deleted),(data deleted),50.0,6,4,52,30,8,0,0,0
2184518.9171442290,2020-12-11,6,13,desktop,(data deleted),(data deleted),23.0,3,4,24,12,6,0,8,0
4894490.8422148166,2020-12-11,6,15,desktop,(data deleted),(data deleted),51.0,3,3,11,2,4,0,0,0
29405563.9336451641,2020-12-12,7,3,desktop,(data deleted),(data deleted),61.0,5,2,18,4,2,2,0,0
6070906.8817356972,2020-12-12,7,5,desktop,(data deleted),(data deleted),74.0,4,3,14,7,2,0,,0
6430802.0723483089,2020-12-12,7,12,desktop,(data deleted),(data deleted),46.0,2,5,17,1,2,0,,0
8619226.0779357153,2020-12-12,7,2,desktop,<Other>,(data deleted),88.0,2,2,16,15,2,0,3,0
1881053.8413916911,2020-12-12,7,22,desktop,(data deleted),(data deleted),88.0,2,2,10,12,6,3,0,1
4802635.2461442794,2020-12-12,7,0,desktop,(data deleted),(data deleted),38.0,2,2,11,1,4,0,2,1
26632304.5067429285,2020-12-12,7,4,desktop,(data deleted),(data deleted),36.0,5,10,52,6,5,0,,0
45244493.0702066140,2020-12-12,7,10,desktop,(data deleted),(data deleted),69.0,4,3,38,12,4,0,0,0
4267777.0729523939,2020-12-12,7,6,desktop,(data deleted),(data deleted),155.0,13,3,24,26,6,0,2,0
3217435.2746747741,2020-12-12,7,7,desktop,(data deleted),(data deleted),36.0,5,5,43,15,2,0,1,0
80575542.4037219758,2020-12-12,7,0,desktop,(data deleted),(data deleted),13.0,1,2,4,0,6,0,1,0
2808102.2330574481,2020-12-13,1,15,desktop,(data deleted),(data deleted),80.0,5,3,66,1,3,13,,1
7963872501.7280985193,2020-12-13,1,19,desktop,(data deleted),(data deleted),73.0,3,4,73,15,2,0,15,0
3291867.8966101730,2020-12-13,1,7,desktop,(data deleted),(data deleted),33.0,4,2,10,4,4,0,0,0
34709963.4596640590,2020-12-13,1,20,desktop,(data deleted),(data deleted),99.0,1,3,24,14,2,1,0,0
4570994.5660099908,2020-12-14,2,17,desktop,(data deleted),(data deleted),56.0,7,2,15,7,2,0,4,1
1817516.7864464285,2020-12-14,2,7,desktop,(data deleted),(data deleted),174.0,6,4,53,8,4,0,2,0
1606543.9019935467,2020-12-14,2,1,desktop,(data deleted),(data deleted),104.0,11,2,39,4,2,0,13,0
37469851.2915027399,2020-12-15,3,12,desktop,(data deleted),(data deleted),19.0,1,3,13,0,6,0,4,0
11677998.3685150844,2020-12-15,3,10,desktop,(data deleted),(data deleted),20.0,2,3,15,3,2,0,6,1
78536888.1867075857,2020-12-15,3,2,desktop,(data deleted),(data deleted),74.0,2,3,23,0,6,0,0,0
18078079.4939254401,2020-12-16,4,21,desktop,(data deleted),(data deleted),47.0,2,5,19,7,4,2,3,0
15418373.8425670485,2020-12-16,4,20,desktop,(data deleted),(data deleted),18.0,3,3,44,1,2,2,1,0
18489071.4831990105,2020-12-16,4,15,desktop,(data deleted),(data deleted),18.0,2,5,16,10,6,0,13,0
2486846.9299481244,2020-12-16,4,21,desktop,(data deleted),(data deleted),14.0,1,5,2,2,4,0,0,0
5237397.7064940983,2020-12-16,4,6,desktop,(data deleted),(data deleted),51.0,4,7,47,6,3,0,,0
91589045.5932971125,2020-12-16,4,15,desktop,(data deleted),(data deleted),17.0,4,1,11,6,2,0,,0
52206227.1304942050,2020-12-16,4,4,desktop,(data deleted),(data deleted),83.0,12,3,30,12,6,2,0,0
53406211.8724008214,2020-12-16,4,18,desktop,(data deleted),(data deleted),184.0,2,2,5,0,4,0,14,1
8814952.6174853430,2020-12-16,4,4,desktop,(data deleted),(data deleted),65.0,4,2,25,30,4,3,0,0
35064550.9410834862,2020-12-16,4,19,desktop,(data deleted),(data deleted),157.0,28,5,101,18,2,1,42,0
10397941.7201732268,2020-12-16,4,14,desktop,(data deleted),(data deleted),17.0,1,2,5,0,4,2,0,0
8174650.3231261607,2020-12-16,4,15,desktop,(data deleted),(data deleted),16.0,1,4,30,0,8,0,1,1
63844412.3659435709,2020-12-17,5,8,desktop,(data deleted),(data deleted),29.0,1,2,9,8,2,0,0,0
9618916.8925649010,2020-12-17,5,23,desktop,(data deleted),(data deleted),14.0,1,2,6,0,3,0,0,0
5191278.7358335539,2020-12-17,5,19,desktop,(data deleted),(data deleted),70.0,3,5,20,14,4,0,3,0
40360384.0007417112,2020-12-17,5,6,desktop,(data deleted),(data deleted),60.0,1,2,12,0,6,0,0,0
5510122.6423876982,2020-12-17,5,19,desktop,(data deleted),(data deleted),62.0,7,2,14,3,6,0,0,0
2704631.3551672775,2020-12-17,5,17,desktop,(data deleted),(data deleted),37.0,2,2,15,6,9,1,0,0
2233163.7526757311,2020-12-17,5,2,desktop,(data deleted),(data deleted),32.0,1,3,2,1,2,2,43,0
14670836.5443476050,2020-12-17,5,20,desktop,(data deleted),(data deleted),24.0,2,5,5,4,6,0,2,0
22956458.6924241706,2020-12-17,5,10,desktop,(data deleted),(data deleted),54.0,3,7,27,14,2,2,,0
1043539.2747159846,2020-12-17,5,18,desktop,(data deleted),(data deleted),22.0,2,2,29,0,4,0,9,1
8577405.9053970649,2020-12-18,6,19,desktop,(data deleted),(data deleted),48.0,2,7,11,5,22,0,5,0
2212017.2642371952,2020-12-18,6,9,desktop,(data deleted),(data deleted),29.0,3,8,32,20,6,0,36,0
31588757.8825339636,2020-12-18,6,5,desktop,(data deleted),(data deleted),75.0,1,6,14,0,3,0,19,0
79604591.5283536350,2020-12-18,6,10,desktop,(data deleted),(data deleted),45.0,3,2,13,7,9,0,0,0
19216505.5989680749,2020-12-18,6,10,desktop,(data deleted),(data deleted),48.0,1,3,6,5,6,0,1,0
32495068.8510753707,2020-12-18,6,0,desktop,(data deleted),(data deleted),62.0,8,3,26,21,6,0,27,0
3287379.7416476309,2020-12-18,6,5,desktop,(data deleted),(data deleted),34.0,5,2,24,24,6,0,0,1
6574805.3436225086,2020-12-18,6,5,desktop,(data deleted),(data deleted),99.0,1,2,3,0,9,0,0,0
89736817.8673115024,2020-12-18,6,21,desktop,(data deleted),(data deleted),68.0,4,2,6,0,3,0,0,0
7985640.7516718007,2020-12-19,7,3,desktop,(data deleted),(data deleted),41.0,2,2,66,40,9,2,0,0
90269155.5005493831,2020-12-19,7,20,desktop,(data deleted),(data deleted),41.0,2,5,42,5,6,0,28,0
75634947.6789263686,2020-12-19,7,8,desktop,(data deleted),(data deleted),30.0,1,5,23,5,9,0,1,0
8032580.9992443180,2020-12-21,2,12,desktop,(data deleted),(data deleted),19.0,1,2,50,1,9,0,6,0
28284205.9810024272,2020-12-22,3,6,desktop,(data deleted),(data deleted),102.0,2,4,8,5,15,0,,0
84232431.7456081587,2020-12-22,3,2,desktop,(data deleted),(data deleted),134.0,13,3,25,23,9,0,5,1
7625514.5568512112,2020-12-22,3,3,desktop,(data deleted),(data deleted),24.0,1,5,11,2,6,1,17,0
12289461.3486454330,2020-12-22,3,12,desktop,(data deleted),(data deleted),48.0,1,3,2,2,9,0,20,0
77464034.6750925956,2020-12-23,4,16,desktop,(data deleted),(data deleted),27.0,2,4,7,2,3,1,33,0
3430324.0837067291,2020-12-23,4,6,desktop,(data deleted),(data deleted),136.0,8,3,25,22,6,0,0,0
31844096.5499743319,2020-12-23,4,6,desktop,(data deleted),(data deleted),32.0,1,3,13,6,3,0,,1
2418457.6264805451,2020-12-23,4,6,desktop,(data deleted),(data deleted),75.0,5,2,15,10,12,0,,1
18574166.5670947032,2020-12-24,5,17,desktop,(data deleted),(data deleted),40.0,2,1,25,0,6,0,,0
9191614969.9586626915,2020-12-24,5,9,desktop,(data deleted),(data deleted),55.0,1,4,10,10,9,0,15,1
5157888.7472869085,2020-12-24,5,17,desktop,(data deleted),(data deleted),59.0,4,2,19,10,9,0,0,0
72350469.7974540341,2020-12-24,5,19,desktop,(data deleted),(data deleted),135.0,17,2,22,16,3,1,30,0
7989341.0097191625,2020-12-25,6,11,desktop,(data deleted),(data deleted),22.0,3,7,49,15,5,0,9,1
3980652.4530069190,2020-11-12,5,5,desktop,(direct),(none),56.0,3,3,27,0,3,0,,0
8915586.3181420442,2020-11-12,5,8,desktop,(direct),(none),38.0,2,1,3,0,3,0,,0
60336405.2238717338,2020-11-12,5,9,desktop,(direct),(none),38.0,2,1,1,0,1,0,0,0
8404511.3408596525,2020-11-12,5,12,desktop,(direct),(none),132.0,17,1,20,0,2,0,0,0
38735433.5774488720,2020-11-12,5,8,desktop,(direct),(none),49.0,3,1,3,0,1,0,0,0
5312155.7410092259,2020-11-12,5,10,desktop,(direct),(none),35.0,1,3,0,0,2,0,,1
4594297.6618190263,2020-11-13,6,16,desktop,(direct),(none),102.0,10,1,27,0,6,0,0,0
1204621.8982188321,2020-11-13,6,12,desktop,(direct),(none),28.0,2,2,11,0,2,0,,0
8262649.4698436698,2020-11-13,6,14,desktop,(direct),(none),52.0,2,2,11,0,8,0,,0
83961186.4892260627,2020-11-13,6,4,desktop,(direct),(none),68.0,2,2,5,0,2,0,,1
4983865.9578536501,2020-11-13,6,5,desktop,(direct),(none),16.0,1,4,10,0,5,1,,1
57630054.8770333743,2020-11-13,6,20,desktop,(direct),(none),15.0,1,1,5,0,4,2,0,0
21534599.7083446640,2020-11-13,6,1,desktop,(direct),(none),38.0,2,1,2,0,2,0,0,0
25084453.1631449315,2020-11-13,6,22,desktop,(direct),(none),14.0,1,2,2,0,2,0,0,0
71206194.9159332783,2020-11-13,6,8,desktop,(direct),(none),24.0,10,1,4,0,2,0,0,0
81834479.5125091790,2020-11-13,6,21,desktop,(direct),(none),287.0,20,1,10,0,2,0,0,1
69531375.3245954092,2020-11-14,7,20,desktop,(direct),(none),97.0,6,1,15,0,2,0,0,0
44948793.1646090451,2020-11-15,1,18,desktop,(direct),(none),262.0,6,3,12,0,4,0,,0
21957871.8710533603,2020-11-15,1,11,desktop,(direct),(none),18.0,2,1,6,0,4,1,,0
29012834.8786573186,2020-11-15,1,17,desktop,(direct),(none),93.0,6,1,20,0,4,0,,0
85358226.8287152806,2020-11-16,2,22,desktop,(direct),(none),31.0,2,1,10,0,6,0,,0
25657754.5389902004,2020-11-16,2,9,desktop,(direct),(none),122.0,24,3,22,0,10,1,0,0
7534419.7933326516,2020-11-16,2,20,desktop,(direct),(none),231.0,6,1,44,0,4,0,0,0
6842193.0748348828,2020-11-16,2,20,desktop,(direct),(none),16.0,2,2,49,12,26,0,3,0
27930167.3476656250,2020-11-16,2,16,desktop,(direct),(none),53.0,6,1,8,0,4,0,0,0
63582954.2006378969,2020-11-16,2,22,desktop,(direct),(none),117.0,6,4,22,0,2,0,,0
76343549.7157495802,2020-11-16,2,10,desktop,(direct),(none),44.0,1,1,1,0,4,0,0,0
8505047.5966597243,2020-11-16,2,7,desktop,(direct),(none),47.0,2,1,4,0,2,0,,0
73103431.3740237825,2020-11-16,2,15,desktop,(direct),(none),22.0,1,4,17,0,4,0,0,0
31609110.7543527400,2020-11-16,2,16,desktop,(direct),(none),44.0,1,3,9,0,6,0,12,0
15735778.2870917869,2020-11-16,2,20,desktop,(direct),(none),22.0,1,1,1,0,4,0,0,0
24524364.1326643374,2020-11-16,2,16,desktop,(direct),(none),71.0,1,3,74,0,2,0,,1
1772610.2535570925,2020-11-16,2,23,desktop,(direct),(none),16.0,1,1,12,0,2,0,0,0
8758227.8253327672,2020-11-17,3,23,desktop,(direct),(none),30.0,2,1,5,1,3,0,0,0
74546001.3718778256,2020-11-17,3,10,desktop,(direct),(none),28.0,7,1,11,7,2,0,0,0
3188737051.8836428627,2020-11-17,3,16,desktop,(direct),(none),164.0,4,1,9,7,6,0,0,1
8478888.8486003629,2020-11-17,3,21,desktop,(direct),(none),80.0,3,2,11,1,1,0,,0
8363038.7011749668,2020-11-17,3,23,desktop,(direct),(none),111.0,4,1,12,0,8,0,0,0
8462310.9138030395,2020-11-17,3,2,desktop,(direct),(none),33.0,2,1,10,1,2,0,,0
12453465.5603334682,2020-11-17,3,19,desktop,(direct),(none),24.0,1,1,5,0,2,0,,0
32903632.0574579540,2020-11-17,3,10,desktop,(direct),(none),174.0,13,1,40,5,2,0,0,0
7254379.8573622074,2020-11-17,3,5,desktop,(direct),(none),88.0,2,1,2,0,2,0,0,1
45350993.6558584379,2020-11-17,3,9,desktop,(direct),(none),34.0,3,1,3,3,4,3,0,0
5050331.6599537444,2020-11-17,3,5,desktop,(direct),(none),129.0,5,1,23,0,2,0,0,0
2201383.2119496784,2020-11-17,3,15,desktop,(direct),(none),71.0,3,1,3,3,2,0,0,0
5558273.2492198100,2020-11-17,3,7,desktop,(direct),(none),305.0,8,5,86,0,8,0,,0
8575512403.1238544800,2020-11-18,4,15,desktop,(direct),(none),142.0,5,3,21,0,1,0,,0
15903616.8819952603,2020-11-18,4,11,desktop,(direct),(none),10.0,2,6,21,2,2,4,,0
3562907.6727254901,2020-11-18,4,16,desktop,(direct),(none),60.0,1,1,1,1,4,0,0,0
51848909.4124639592,2020-11-18,4,6,desktop,(direct),(none),23.0,2,1,3,1,3,0,0,1
8822878673.4974906772,2020-11-18,4,12,desktop,(direct),(none),125.0,8,1,9,9,1,0,,1
80921507.1393350408,2020-11-18,4,6,desktop,(direct),(none),32.0,1,4,36,0,11,6,,1
3970244.0843404011,2020-11-18,4,18,desktop,(direct),(none),118.0,11,1,47,3,3,0,0,0
3092987668.5257302601,2020-11-18,4,17,desktop,(direct),(none),65.0,2,1,2,0,1,0,0,1
20303703.1154814143,2020-11-19,5,12,desktop,(direct),(none),13.0,1,1,5,0,3,0,0,0
2660071.6760619641,2020-11-19,5,3,desktop,(direct),(none),97.0,5,1,8,5,3,0,0,1
3654911.3877750732,2020-11-19,5,10,desktop,(direct),(none),46.0,1,3,7,0,2,0,,0
11064650.6068648711,2020-11-20,6,0,desktop,(direct),(none),64.0,8,7,123,0,4,0,9,0
3578162.0623899917,2020-11-20,6,4,desktop,(direct),(none),99.0,3,3,73,0,6,1,,1
6672635860.5383572535,2020-11-20,6,23,desktop,(direct),(none),71.0,3,7,15,2,8,0,,0
5674547.8008141064,2020-11-20,6,17,desktop,(direct),(none),89.0,5,3,36,0,1,2,5,1
3680421.4213771360,2020-11-20,6,15,desktop,(direct),(none),46.0,6,2,37,0,3,0,,0
8156646657.1507119761,2020-11-20,6,19,desktop,(direct),(none),254.0,17,5,41,0,5,0,1,0
72137012.1051607566,2020-11-20,6,12,desktop,(direct),(none),43.0,3,2,19,0,2,0,4,0
4093390.4018374057,2020-11-20,6,3,desktop,(direct),(none),30.0,4,1,8,0,3,0,0,0
4375573.9072744837,2020-11-21,7,15,desktop,(direct),(none),25.0,2,2,16,0,2,0,0,0
3868899112.4128253975,2020-11-21,7,2,desktop,(direct),(none),24.0,1,1,1,0,2,0,,0
58404409.8347902611,2020-11-22,1,14,desktop,(direct),(none),119.0,2,1,3,0,2,0,0,0
14763691.5596383469,2020-11-22,1,2,desktop,(direct),(none),50.0,3,1,25,0,1,10,0,1
5795144.5608491958,2020-11-22,1,6,desktop,(direct),(none),41.0,2,1,5,0,2,0,0,1
27700391.5760431214,2020-11-23,2,18,desktop,(direct),(none),44.0,1,2,1,0,2,0,0,0
50900904.6507728330,2020-11-23,2,17,desktop,(direct),(none),22.0,12,1,17,0,2,0,0,1
78113847.9152616369,2020-11-23,2,13,desktop,(direct),(none),98.0,6,1,89,0,1,2,0,0
1423095.5468047734,2020-11-23,2,2,desktop,(direct),(none),12.0,3,3,5,0,3,1,,0
71904874.2045190274,2020-11-24,3,2,desktop,(direct),(none),12.0,1,3,4,0,2,0,13,0
76641875.4216482392,2020-11-24,3,22,desktop,(direct),(none),52.0,3,1,15,0,1,0,0,0
66572919.0070303795,2020-11-24,3,3,desktop,(direct),(none),102.0,3,1,11,0,2,0,0,0
4042858.3888779946,2020-11-24,3,7,desktop,(direct),(none),71.0,1,1,4,0,1,0,0,0
9431683.5830577678,2020-11-24,3,5,desktop,(direct),(none),198.0,4,1,8,0,2,0,,0
44574139.0210963180,2020-11-24,3,14,desktop,(direct),(none),59.0,10,1,87,0,4,1,0,0
77805852.6832906360,2020-11-24,3,0,desktop,(direct),(none),58.0,3,5,9,0,5,0,,1
77549456.4000160007,2020-11-24,3,12,desktop,(direct),(none),78.0,2,5,13,0,4,0,14,0
79083189.5507574462,2020-11-24,3,21,desktop,(direct),(none),67.0,3,1,5,0,1,0,,0
28886785.0437982110,2020-11-24,3,10,desktop,(direct),(none),56.0,5,2,16,0,1,3,0,0
7404712.3481898129,2020-11-24,3,20,desktop,(direct),(none),18.0,2,1,2,0,2,0,0,0
63900282.3363580230,2020-11-24,3,8,desktop,(direct),(none),48.0,2,1,3,0,1,0,0,0
35862721.9988627980,2020-11-24,3,1,desktop,(direct),(none),40.0,3,2,22,0,3,0,0,0
4268698.4893393516,2020-11-24,3,19,desktop,(direct),(none),2.0,3,1,4,0,2,3,0,0
2002567.7958256343,2020-11-24,3,5,desktop,(direct),(none),44.0,1,2,5,0,2,0,0,0
59440318.5200475785,2020-11-24,3,21,desktop,(direct),(none),24.0,1,1,2,0,1,1,0,1
80208775.3915875119,2020-11-25,4,21,desktop,(direct),(none),228.0,9,6,36,0,4,0,,1
1470110.5021681506,2020-11-25,4,23,desktop,(direct),(none),178.0,17,5,17,0,1,4,,0
2558174.5910644189,2020-11-25,4,9,desktop,(direct),(none),103.0,5,1,10,0,2,0,,0
41280451.5966697273,2020-11-25,4,7,desktop,(direct),(none),22.0,4,7,6,0,3,0,23,0
62926115.2506930242,2020-11-25,4,1,desktop,(direct),(none),33.0,2,1,7,0,2,1,0,0
11303624.3432609630,2020-11-25,4,6,desktop,(direct),(none),32.0,3,2,71,0,3,0,,0
27683683.6299831306,2020-11-25,4,8,desktop,(direct),(none),55.0,1,1,5,0,1,0,,1
35710256.3477753994,2020-11-25,4,21,desktop,(direct),(none),474.0,6,5,21,0,1,0,0,0
86920576.7783874354,2020-11-25,4,8,desktop,(direct),(none),25.0,9,1,12,0,1,0,0,0
84510480.2085066526,2020-11-25,4,12,desktop,(direct),(none),88.0,3,1,13,0,1,0,0,0
35367039.8308787550,2020-11-26,5,13,desktop,(direct),(none),28.0,1,2,8,1,2,4,,0
6030522.6567948401,2020-11-26,5,19,desktop,(direct),(none),30.0,1,1,1,1,1,1,0,0
88818213.3581061218,2020-11-26,5,21,desktop,(direct),(none),110.0,2,3,2,2,2,0,1,0
29836460.5039155988,2020-11-26,5,6,desktop,(direct),(none),98.0,8,1,10,6,1,0,0,0
60436974.7396893790,2020-11-27,6,0,desktop,(direct),(none),21.0,2,1,5,3,2,0,0,0
47728220.5500104652,2020-11-27,6,12,desktop,(direct),(none),19.0,1,2,2,2,2,0,0,0
48759743.3897304613,2020-11-27,6,19,desktop,(direct),(none),84.0,7,1,9,10,3,0,0,0
3346211.7809045271,2020-11-27,6,4,desktop,(direct),(none),34.0,2,1,7,3,1,0,0,0
7287329.6250817980,2020-11-27,6,21,desktop,(direct),(none),71.0,1,1,1,1,2,0,0,0
88242023.2250072869,2020-11-27,6,9,desktop,(direct),(none),46.0,2,1,11,4,2,0,0,0
64550506.5927581901,2020-11-27,6,10,desktop,(direct),(none),23.0,2,2,73,21,9,0,0,0
64327920.9668348160,2020-11-27,6,23,desktop,(direct),(none),65.0,4,5,43,7,2,3,7,0
71216083.8823170998,2020-11-27,6,16,desktop,(direct),(none),181.0,8,4,50,5,4,6,6,0
62856019.3238415642,2020-11-28,7,10,desktop,(direct),(none),67.0,2,1,5,7,2,0,0,0
73739017.8732867733,2020-11-28,7,18,desktop,(direct),(none),76.0,2,1,3,0,3,0,0,0
1384229.1647560493,2020-11-28,7,15,desktop,(direct),(none),73.0,5,2,14,6,1,1,0,0
59061039.5435612071,2020-11-28,7,14,desktop,(direct),(none),29.0,2,3,8,4,3,0,14,1
7782987.2202660950,2020-11-28,7,16,desktop,(direct),(none),30.0,3,4,32,6,6,1,22,0
68044065.2390765612,2020-11-29,1,11,desktop,(direct),(none),185.0,6,6,77,16,9,0,12,0
88361744.4940705869,2020-11-29,1,10,desktop,(direct),(none),210.0,10,2,21,26,3,0,,0
26003572.1132400750,2020-11-29,1,7,desktop,(direct),(none),68.0,3,1,15,2,1,0,,0
56010660.0104477807,2020-11-29,1,12,desktop,(direct),(none),60.0,1,1,1,1,1,0,0,0
2448440.0955846512,2020-11-30,2,17,desktop,(direct),(none),198.0,4,1,65,4,10,0,0,0
65083326.2702378833,2020-11-30,2,21,desktop,(direct),(none),12.0,1,1,17,6,12,0,0,0
31825674.2113685011,2020-11-30,2,18,desktop,(direct),(none),104.0,2,5,25,0,10,0,24,1
9162399.0802989525,2020-11-30,2,13,desktop,(direct),(none),189.0,10,2,34,8,4,0,0,0
6305601780.6598938086,2020-11-30,2,21,desktop,(direct),(none),40.0,1,1,1,1,2,2,0,0
42898775.5372388229,2020-11-30,2,4,desktop,(direct),(none),75.0,3,2,7,1,2,0,1,0
91641252.7325140111,2020-11-30,2,14,desktop,(direct),(none),145.0,6,1,20,13,4,1,0,0
76219348.8581271685,2020-11-30,2,23,desktop,(direct),(none),194.0,10,3,66,14,10,0,3,0
8163514.4352723536,2020-11-30,2,12,desktop,(direct),(none),31.0,2,1,6,2,4,0,0,0
6980964.7715707399,2020-11-30,2,18,desktop,(direct),(none),93.0,4,1,5,1,2,0,0,0
2221714.1060184059,2020-11-30,2,13,desktop,(direct),(none),21.0,2,2,29,12,4,0,0,0
59568325.0734810744,2020-11-30,2,12,desktop,(direct),(none),46.0,1,1,3,0,2,0,0,1
52443149.1275754542,2020-12-01,3,9,desktop,(direct),(none),120.0,12,6,31,3,17,1,26,0
73431959.6176671772,2020-12-01,3,5,desktop,(direct),(none),30.0,1,3,15,0,8,0,,0
48028670.1890447028,2020-12-01,3,7,desktop,(direct),(none),46.0,3,2,9,3,8,0,0,0
35563232.0919900786,2020-12-01,3,10,desktop,(direct),(none),37.0,1,3,10,0,2,0,0,1
4202240.1647915108,2020-12-01,3,6,desktop,(direct),(none),119.0,9,7,16,8,2,0,,0
80438623.0484704119,2020-12-01,3,2,desktop,(direct),(none),33.0,9,2,20,20,8,0,0,0
7468279.0238776028,2020-12-01,3,5,desktop,(direct),(none),82.0,3,3,30,16,4,0,,1
7327276.4790066181,2020-12-01,3,13,desktop,(direct),(none),97.0,3,1,5,4,2,0,0,0
23114430.1190664770,2020-12-02,4,13,desktop,(direct),(none),31.0,2,4,63,0,2,0,,0
77515109.5832187777,2020-12-02,4,17,desktop,(direct),(none),24.0,1,2,1,0,4,0,0,0
29317548.3063896358,2020-12-02,4,23,desktop,(direct),(none),49.0,7,3,35,15,2,1,0,0
5155902.6841929449,2020-12-02,4,12,desktop,(direct),(none),34.0,2,1,3,1,2,0,0,0
68234443.7976288983,2020-12-02,4,9,desktop,(direct),(none),21.0,2,2,17,1,6,0,15,1
24005163.6752722139,2020-12-02,4,22,desktop,(direct),(none),24.0,1,6,36,0,2,0,,0
6471483.5221877990,2020-12-02,4,16,desktop,(direct),(none),73.0,5,1,4,4,2,0,0,0
37055874.5655053626,2020-12-02,4,18,desktop,(direct),(none),63.0,1,1,3,0,2,0,0,0
8360772.3122902941,2020-12-03,5,18,desktop,(direct),(none),12.0,3,3,12,9,4,0,,0
40957384.9471332754,2020-12-03,5,20,desktop,(direct),(none),62.0,5,2,16,9,2,0,14,0
5067991.0959078102,2020-12-03,5,13,desktop,(direct),(none),27.0,2,2,23,1,4,0,0,0
80851576.6492799404,2020-12-03,5,20,desktop,(direct),(none),16.0,2,5,7,3,6,0,,0
75931866.5607018779,2020-12-03,5,7,desktop,(direct),(none),35.0,2,1,31,1,6,0,,0
23060159.8817366259,2020-12-03,5,0,desktop,(direct),(none),76.0,2,1,4,2,4,0,0,0
4418230.6765916297,2020-12-03,5,0,desktop,(direct),(none),17.0,4,1,2,2,2,0,0,0
44590577.0501187299,2020-12-03,5,4,desktop,(direct),(none),63.0,3,1,7,1,2,0,0,0
5444054.0299206594,2020-12-03,5,18,desktop,(direct),(none),14.0,1,7,56,7,5,0,,1
2167403.7906456200,2020-12-03,5,15,desktop,(direct),(none),311.0,27,6,43,34,2,0,10,1
84593755.9527466218,2020-12-03,5,0,desktop,(direct),(none),48.0,1,1,3,4,2,0,0,0
55431745.7605340054,2020-12-03,5,11,desktop,(direct),(none),13.0,4,1,6,3,4,0,0,0
61771221.3119798942,2020-12-03,5,21,desktop,(direct),(none),32.0,3,1,9,11,6,0,0,0
18311401.6578576892,2020-12-03,5,16,desktop,(direct),(none),18.0,3,1,14,6,4,0,0,0
4670216.5107610379,2020-12-04,6,0,desktop,(direct),(none),56.0,3,1,10,3,18,0,0,0
2151615.4640508633,2020-12-04,6,9,desktop,(direct),(none),24.0,1,1,3,1,6,0,0,1
47832970.6690268280,2020-12-04,6,17,desktop,(direct),(none),44.0,1,3,31,0,8,0,1,1
4186517.6481556302,2020-12-04,6,1,desktop,(direct),(none),73.0,15,1,12,7,2,0,0,0
67431671.1651955470,2020-12-04,6,23,desktop,(direct),(none),73.0,4,1,45,11,4,0,0,0
40901811.1171290722,2020-12-04,6,10,desktop,(direct),(none),44.0,1,3,14,0,2,0,,0
1738338.2951797326,2020-12-05,7,4,desktop,(direct),(none),63.0,3,6,56,11,12,0,28,0
7486503607.6799883479,2020-12-05,7,17,desktop,(direct),(none),71.0,2,3,6,3,2,0,7,0
8633002.3339270787,2020-12-05,7,8,desktop,(direct),(none),55.0,3,3,54,18,2,1,5,1
4300488.4056873382,2020-12-05,7,4,desktop,(direct),(none),53.0,4,4,19,11,14,0,0,0
41505885.3117323516,2020-12-05,7,0,desktop,(direct),(none),18.0,1,9,27,30,14,0,4,0
15197708.0307731265,2020-12-05,7,0,desktop,(direct),(none),122.0,2,1,10,6,4,0,0,0
34618547.3297655232,2020-12-05,7,21,desktop,(direct),(none),92.0,3,1,7,2,2,1,0,0
79579853.0520588965,2020-12-05,7,4,desktop,(direct),(none),77.0,6,3,31,13,6,0,,1
90961633.7551221705,2020-12-05,7,1,desktop,(direct),(none),50.0,5,5,41,23,2,0,1,0
73971086.0168359520,2020-12-06,1,13,desktop,(direct),(none),22.0,1,1,2,0,2,0,0,0
3604692.1743563681,2020-12-06,1,15,desktop,(direct),(none),71.0,1,4,27,0,2,1,16,0
8900366.1502586915,2020-12-06,1,10,desktop,(direct),(none),25.0,3,7,25,3,6,0,,0
3167058.8718002822,2020-12-06,1,12,desktop,(direct),(none),155.0,2,3,23,8,4,0,,0
87666696.5302025907,2020-12-07,2,12,desktop,(direct),(none),152.0,9,1,12,10,2,0,0,1
65521012.0988980989,2020-12-07,2,18,desktop,(direct),(none),25.0,2,1,2,2,4,0,0,0
7990665.4091043591,2020-12-07,2,10,desktop,(direct),(none),38.0,1,4,11,0,2,0,3,0
32729600.8935787540,2020-12-07,2,12,desktop,(direct),(none),24.0,1,3,6,1,2,0,0,0
42091261.9216222861,2020-12-07,2,19,desktop,(direct),(none),17.0,1,1,1,1,4,1,0,0
22641180.4696400962,2020-12-07,2,4,desktop,(direct),(none),48.0,2,3,15,4,2,0,1,0
9147051.8631635716,2020-12-07,2,13,desktop,(direct),(none),54.0,2,2,9,0,4,0,0,0
2275313.5266564172,2020-12-07,2,4,desktop,(direct),(none),394.0,42,1,11,5,6,2,0,0
78088542.4349978114,2020-12-07,2,18,desktop,(direct),(none),100.0,8,3,34,29,6,0,4,0
9052312.4913896268,2020-12-07,2,17,desktop,(direct),(none),22.0,1,3,5,0,4,0,4,0
65224534.5204315996,2020-12-07,2,21,desktop,(direct),(none),96.0,7,3,19,1,6,0,0,0
42744232.1088543265,2020-12-07,2,17,desktop,(direct),(none),30.0,1,6,12,0,4,1,,1
5485119.4778259275,2020-12-07,2,15,desktop,(direct),(none),133.0,10,4,26,5,4,0,6,0
1793657.4173240079,2020-12-08,3,0,desktop,(direct),(none),386.0,60,5,50,8,6,0,17,0
47300109.6237634766,2020-12-08,3,7,desktop,(direct),(none),84.0,7,3,36,15,12,0,,0
8058011.9985023895,2020-12-08,3,21,desktop,(direct),(none),46.0,1,2,11,2,10,0,,0
45465207.4943375965,2020-12-08,3,17,desktop,(direct),(none),64.0,2,3,6,0,2,0,,0
33437776.5040809109,2020-12-08,3,5,desktop,(direct),(none),88.0,7,5,33,23,6,0,3,0
23471077.0151968616,2020-12-08,3,6,desktop,(direct),(none),18.0,1,1,1,3,6,0,0,0
9165170.8636653512,2020-12-08,3,20,desktop,(direct),(none),24.0,2,4,13,1,4,0,15,0
7676671.1176734435,2020-12-08,3,0,desktop,(direct),(none),71.0,4,3,24,21,4,0,4,0
9073224.2742948399,2020-12-08,3,11,desktop,(direct),(none),79.0,5,8,45,4,4,0,,0
37354985.1803131889,2020-12-08,3,5,desktop,(direct),(none),177.0,11,2,60,17,12,0,,0
6266467.7992501797,2020-12-08,3,3,desktop,(direct),(none),73.0,7,2,21,22,2,0,5,0
31634486.5789704122,2020-12-08,3,23,desktop,(direct),(none),85.0,2,3,5,3,3,0,16,0
766583098.5979816085,2020-12-08,3,15,desktop,(direct),(none),94.0,6,2,22,14,8,0,,1
8942620.3768210351,2020-12-08,3,13,desktop,(direct),(none),84.0,3,3,30,17,2,0,0,0
84733987.1998752292,2020-12-08,3,16,desktop,(direct),(none),51.0,7,4,46,42,2,0,4,1
3099934.0263391283,2020-12-08,3,19,desktop,(direct),(none),404.0,7,5,17,8,2,0,6,0
4241710.4464603704,2020-12-08,3,21,desktop,(direct),(none),62.0,3,2,19,16,2,0,0,0
6136308840.6700964793,2020-12-09,4,14,desktop,(direct),(none),22.0,1,1,2,3,2,0,0,0
5297765.6768178190,2020-12-09,4,3,desktop,(direct),(none),45.0,1,1,3,2,8,0,,1
77925772.4472848106,2020-12-09,4,20,desktop,(direct),(none),56.0,20,1,13,0,2,0,0,0
82318647.2923735234,2020-12-09,4,8,desktop,(direct),(none),139.0,6,4,23,7,6,0,4,0
44974147.5717650402,2020-12-09,4,15,desktop,(direct),(none),68.0,6,2,16,4,2,11,4,0
5769896.1495177245,2020-12-09,4,14,desktop,(direct),(none),38.0,1,3,40,5,2,1,9,0
73829542.7019776287,2020-12-09,4,19,desktop,(direct),(none),26.0,2,1,24,1,4,0,0,0
68062973.3734091414,2020-12-09,4,20,desktop,(direct),(none),164.0,3,1,25,25,2,1,0,0
88898171.1110922469,2020-12-09,4,5,desktop,(direct),(none),37.0,3,3,4,1,2,2,,0
69394153.6174338025,2020-12-09,4,7,desktop,(direct),(none),48.0,1,3,7,6,6,0,,0
48713927.3135258219,2020-12-09,4,2,desktop,(direct),(none),62.0,2,6,9,1,2,0,,0
13285520.2959269878,2020-12-09,4,11,desktop,(direct),(none),59.0,3,1,16,3,2,0,0,1
2543812.1952863671,2020-12-09,4,14,desktop,(direct),(none),185.0,11,3,27,17,6,0,0,0
10172849.5375293351,2020-12-09,4,7,desktop,(direct),(none),156.0,6,1,18,7,2,0,0,0
6049306.9124313007,2020-12-09,4,5,desktop,(direct),(none),44.0,2,2,7,3,2,6,0,0
1398743.9446501908,2020-12-09,4,7,desktop,(direct),(none),70.0,5,3,44,20,16,0,4,0
19051578.9987004732,2020-12-10,5,2,desktop,(direct),(none),110.0,4,1,25,7,6,0,0,0
4748147.0896463590,2020-12-10,5,6,desktop,(direct),(none),28.0,2,1,9,1,4,0,0,0
28108956.4390354387,2020-12-10,5,18,desktop,(direct),(none),24.0,2,1,2,1,4,2,0,1
9216625.5237279736,2020-12-10,5,23,desktop,(direct),(none),28.0,1,1,3,1,4,0,0,0
32985797.1699921045,2020-12-10,5,23,desktop,(direct),(none),245.0,10,4,47,23,4,6,17,0
90038379.9838021098,2020-12-10,5,9,desktop,(direct),(none),137.0,5,1,14,5,4,0,0,0
87252370.8743434151,2020-12-10,5,6,desktop,(direct),(none),96.0,2,6,44,7,2,3,23,0
7011382.8362674713,2020-12-10,5,23,desktop,(direct),(none),101.0,2,1,13,0,8,0,0,0
50054690.0206427992,2020-12-10,5,2,desktop,(direct),(none),518.0,41,3,66,78,16,0,7,0
59495950.2019580073,2020-12-10,5,5,desktop,(direct),(none),136.0,2,1,5,0,2,0,0,0
63378233.4846691578,2020-12-10,5,21,desktop,(direct),(none),161.0,5,2,46,18,10,0,0,0
28887365.2174306769,2020-12-10,5,19,desktop,(direct),(none),37.0,5,3,18,14,26,1,1,0
36617700.9924531429,2020-12-10,5,8,desktop,(direct),(none),28.0,1,2,17,2,4,0,0,0
12980467.8586280455,2020-12-10,5,12,desktop,(direct),(none),85.0,2,1,4,3,2,0,0,0
2143235.6844408208,2020-12-11,6,21,desktop,(direct),(none),45.0,2,1,23,5,2,0,0,0
7816881.7527763245,2020-12-11,6,7,desktop,(direct),(none),62.0,2,1,12,4,4,0,0,1
18564648.4162352916,2020-12-11,6,12,desktop,(direct),(none),104.0,12,6,110,0,8,3,3,0
3511087.0079764455,2020-12-11,6,8,desktop,(direct),(none),116.0,2,3,7,3,6,0,0,0
3883375.8924071243,2020-12-11,6,6,desktop,(direct),(none),400.0,20,4,20,1,4,0,,0
3396468.5841648021,2020-12-11,6,5,desktop,(direct),(none),32.0,2,10,38,38,4,0,,0
7639149.4871168002,2020-12-11,6,16,desktop,(direct),(none),42.0,5,1,20,11,2,4,0,0
90939360.3504532010,2020-12-11,6,12,desktop,(direct),(none),8.0,1,1,1,0,2,0,0,0
73347340.2924582017,2020-12-11,6,22,desktop,(direct),(none),92.0,1,10,31,3,4,3,9,1
73636053.4889927037,2020-12-11,6,7,desktop,(direct),(none),16.0,1,1,1,1,6,0,0,0
59000875.5738627368,2020-12-11,6,3,desktop,(direct),(none),39.0,2,4,18,0,6,0,0,0
22744686.3986317453,2020-12-11,6,3,desktop,(direct),(none),48.0,1,1,1,2,2,0,0,0
89817778.2961109026,2020-12-11,6,3,desktop,(direct),(none),73.0,5,3,12,12,2,0,8,0
9067917.4467737421,2020-12-11,6,7,desktop,(direct),(none),144.0,3,2,12,5,2,0,0,1
76370387.0865247378,2020-12-11,6,5,desktop,(direct),(none),42.0,10,5,47,48,8,0,10,0
36592704.2276068785,2020-12-12,7,3,desktop,(direct),(none),71.0,8,1,27,15,2,0,0,0
2181565.6699530832,2020-12-12,7,4,desktop,(direct),(none),41.0,3,2,22,11,6,0,1,0
29862051.3410454388,2020-12-12,7,5,desktop,(direct),(none),30.0,3,2,87,69,26,15,0,0
6914686.3875409654,2020-12-12,7,6,desktop,(direct),(none),16.0,1,1,4,0,8,0,0,0
68139911.9000642890,2020-12-12,7,22,desktop,(direct),(none),26.0,3,1,8,6,2,0,0,0
79173479.1654218830,2020-12-12,7,1,desktop,(direct),(none),44.0,1,1,2,3,2,0,0,0
6866245.1904282400,2020-12-12,7,2,desktop,(direct),(none),82.0,4,3,36,18,2,0,8,0
2807952.5889704218,2020-12-12,7,7,desktop,(direct),(none),32.0,1,4,41,1,2,0,2,0
5298703.0397867175,2020-12-12,7,15,desktop,(direct),(none),30.0,1,4,4,0,7,0,,0
47512557.1077158577,2020-12-12,7,4,desktop,(direct),(none),231.0,39,1,37,25,2,0,0,0
31229170.2945226603,2020-12-12,7,3,desktop,(direct),(none),70.0,3,1,6,3,2,0,0,0
33674005.7210109037,2020-12-12,7,2,desktop,(direct),(none),30.0,2,1,22,10,2,0,0,0
6427241.3275317189,2020-12-12,7,20,desktop,(direct),(none),10.0,1,2,2,0,6,0,3,0
3159757.1355046671,2020-12-12,7,15,desktop,(direct),(none),314.0,16,1,52,28,8,0,0,0
47848518.2208811373,2020-12-12,7,14,desktop,(direct),(none),13.0,1,3,7,2,6,0,11,0
3122197.9178413688,2020-12-12,7,3,desktop,(direct),(none),320.0,20,2,2,1,10,0,0,0
32400150.9680193648,2020-12-13,1,18,desktop,(direct),(none),22.0,1,1,1,1,2,0,0,0
2213203.3846940178,2020-12-13,1,20,desktop,(direct),(none),36.0,4,1,9,10,4,0,0,0
41521598.5143422341,2020-12-13,1,21,desktop,(direct),(none),97.0,5,3,21,3,4,0,,0
77740062.7146345636,2020-12-13,1,4,desktop,(direct),(none),78.0,3,1,15,13,2,1,0,0
8254867.3099797240,2020-12-14,2,20,desktop,(direct),(none),118.0,2,6,63,40,6,0,14,0
6601503.8992406950,2020-12-14,2,18,desktop,(direct),(none),92.0,1,2,9,0,4,0,0,0
2963253.5021141584,2020-12-14,2,19,desktop,(direct),(none),30.0,2,3,15,6,2,0,7,0
80632671.7018896021,2020-12-14,2,12,desktop,(direct),(none),14.0,1,6,22,5,10,0,5,0
25751116.8740706267,2020-12-14,2,16,desktop,(direct),(none),81.0,11,1,68,11,12,0,0,0
2379851873.3035650084,2020-12-14,2,22,desktop,(direct),(none),72.0,2,1,21,11,14,2,0,0
7350209690.8160509403,2020-12-14,2,16,desktop,(direct),(none),109.0,4,1,18,17,2,0,0,0
5955469534.0943203591,2020-12-15,3,4,desktop,(direct),(none),92.0,1,4,16,2,6,0,21,0
3605236.0985181140,2020-12-15,3,18,desktop,(direct),(none),13.0,2,1,3,0,6,0,0,0
31144747.8079100313,2020-12-15,3,4,desktop,(direct),(none),82.0,9,2,67,59,4,0,11,0
3252255.8114865053,2020-12-15,3,0,desktop,(direct),(none),59.0,2,2,1,0,4,0,,0
5689198.4051733166,2020-12-15,3,17,desktop,(direct),(none),41.0,2,5,13,9,6,0,,0
74635951.8097844533,2020-12-15,3,13,desktop,(direct),(none),26.0,3,4,11,9,2,0,1,1
2132209.9029962354,2020-12-15,3,13,desktop,(direct),(none),62.0,5,7,58,11,3,0,5,0
39639019.8826655065,2020-12-15,3,17,desktop,(direct),(none),72.0,6,3,75,18,14,1,0,0
43441783.1252215019,2020-12-15,3,8,desktop,(direct),(none),32.0,2,4,17,2,2,0,,0
66563562.8308441449,2020-12-15,3,3,desktop,(direct),(none),27.0,2,4,20,10,4,0,,0
10591789.5477795667,2020-12-16,4,20,desktop,(direct),(none),16.0,1,5,28,23,22,0,,0
1490836.9769608444,2020-12-16,4,11,desktop,(direct),(none),20.0,1,2,41,3,6,0,0,0
4777652.2980568851,2020-12-16,4,19,desktop,(direct),(none),59.0,4,1,49,9,8,1,,0
25665114.3281659974,2020-12-16,4,4,desktop,(direct),(none),48.0,2,1,2,0,6,0,0,0
2819497.0596567487,2020-12-16,4,2,desktop,(direct),(none),76.0,15,3,28,13,4,0,0,1
6734225.7234108378,2020-12-16,4,17,desktop,(direct),(none),91.0,5,2,25,6,4,0,0,0
27934793.9232963542,2020-12-16,4,1,desktop,(direct),(none),96.0,5,1,20,18,8,0,0,0
42167462.4250653874,2020-12-16,4,17,desktop,(direct),(none),23.0,1,4,7,2,4,0,23,0
3198843.0611848527,2020-12-16,4,3,desktop,(direct),(none),171.0,15,2,199,98,8,1,0,0
7722668.2787414860,2020-12-16,4,6,desktop,(direct),(none),324.0,6,1,2,0,2,0,0,0
3319193.5383281209,2020-12-16,4,3,desktop,(direct),(none),55.0,1,1,10,1,2,0,0,0
30986155.2819672189,2020-12-16,4,1,desktop,(direct),(none),72.0,4,1,10,2,4,4,0,0
1532927.6404323781,2020-12-16,4,21,desktop,(direct),(none),683.0,145,6,8,6,4,2,27,0
7462913.7605411929,2020-12-16,4,2,desktop,(direct),(none),37.0,1,1,2,0,2,0,0,0
6962813.9978021110,2020-12-16,4,21,desktop,(direct),(none),150.0,21,2,25,14,2,0,0,0
86811303.5548075805,2020-12-16,4,4,desktop,(direct),(none),13.0,1,1,4,0,4,0,0,0
76814331.1397302587,2020-12-16,4,14,desktop,(direct),(none),55.0,1,1,1,1,2,0,0,0
19873344.4999466945,2020-12-16,4,11,desktop,(direct),(none),82.0,5,9,109,10,4,0,1,0
1994473.4179397065,2020-12-16,4,3,desktop,(direct),(none),60.0,9,1,17,13,2,0,0,0
3559702.8102516207,2020-12-16,4,17,desktop,(direct),(none),85.0,7,1,34,18,2,0,0,0
73925756.8578616626,2020-12-17,5,21,desktop,(direct),(none),39.0,2,1,16,3,9,0,0,0
84534898.7989426950,2020-12-17,5,11,desktop,(direct),(none),42.0,3,3,58,2,14,1,0,1
50625438.6453912217,2020-12-17,5,20,desktop,(direct),(none),63.0,4,2,35,21,2,0,1,0
84161213.3604424306,2020-12-17,5,22,desktop,(direct),(none),41.0,7,1,9,9,3,0,0,0
12635392.6392715364,2020-12-17,5,16,desktop,(direct),(none),13.0,1,1,1,1,4,0,0,0
60425733.9344537014,2020-12-17,5,19,desktop,(direct),(none),108.0,2,5,59,6,4,0,,0
55183693.0038159450,2020-12-17,5,19,desktop,(direct),(none),16.0,1,1,3,0,2,0,0,0
59427000.7305194715,2020-12-17,5,3,desktop,(direct),(none),37.0,1,3,9,5,4,5,4,0
10211474.7929477742,2020-12-18,6,10,desktop,(direct),(none),10.0,1,3,55,6,6,0,,0
7782816.5155913272,2020-12-18,6,20,desktop,(direct),(none),58.0,1,2,2,3,6,0,0,0
7307316.0360352296,2020-12-18,6,23,desktop,(direct),(none),65.0,3,1,15,1,6,0,0,1
22360539.8245478823,2020-12-18,6,12,desktop,(direct),(none),18.0,2,3,18,0,8,0,7,0
78130429.4925267502,2020-12-18,6,19,desktop,(direct),(none),28.0,16,4,17,9,3,0,17,0
4484520.5210961028,2020-12-18,6,20,desktop,(direct),(none),58.0,3,6,37,15,16,0,3,1
34557263.4880284615,2020-12-18,6,0,desktop,(direct),(none),43.0,9,1,9,9,9,0,0,0
4296769.0350898725,2020-12-18,6,12,desktop,(direct),(none),60.0,1,3,5,2,6,0,6,0
73122682.2269869827,2020-12-18,6,18,desktop,(direct),(none),90.0,2,1,10,9,3,0,0,0
5885098.5400804724,2020-12-18,6,8,desktop,(direct),(none),41.0,1,1,3,3,3,0,0,0
4327637.5684056733,2020-12-18,6,2,desktop,(direct),(none),30.0,4,1,17,5,4,0,0,0
5604587.3755072537,2020-12-18,6,14,desktop,(direct),(none),108.0,11,1,15,13,6,0,0,0
6258055.5394754419,2020-12-18,6,1,desktop,(direct),(none),73.0,4,1,9,8,4,0,0,0
1972984.6707484339,2020-12-19,7,2,desktop,(direct),(none),65.0,2,3,40,18,6,1,0,0
2402576.2075653416,2020-12-19,7,19,desktop,(direct),(none),30.0,1,5,6,3,3,0,,0
3702643.5920822410,2020-12-19,7,20,desktop,(direct),(none),90.0,2,2,1,1,6,2,0,0
41179206.8501474127,2020-12-19,7,0,desktop,(direct),(none),132.0,3,6,37,1,15,0,15,0
4958191.3484019469,2020-12-19,7,20,desktop,(direct),(none),16.0,2,1,5,2,3,2,0,0
52073744.5585474753,2020-12-19,7,22,desktop,(direct),(none),111.0,8,4,123,2,3,0,21,0
57655144.7573784360,2020-12-20,1,5,desktop,(direct),(none),55.0,1,1,1,1,3,0,0,0
5875619.5890494953,2020-12-21,2,17,desktop,(direct),(none),18.0,2,1,6,5,6,0,0,0
46714149.5501637443,2020-12-21,2,13,desktop,(direct),(none),41.0,1,1,5,0,9,0,0,0
21904266.4182981661,2020-12-21,2,23,desktop,(direct),(none),44.0,1,2,17,0,9,0,0,0
13846928.7700463041,2020-12-21,2,10,desktop,(direct),(none),145.0,7,1,21,25,6,0,0,0
4186566475.6049578820,2020-12-21,2,21,desktop,(direct),(none),6.0,1,1,1,0,9,0,0,0
5298595.3824316171,2020-12-21,2,5,desktop,(direct),(none),63.0,1,3,7,5,12,0,3,0
7659570.5939990829,2020-12-21,2,2,desktop,(direct),(none),46.0,2,1,16,6,3,0,0,0
67934362.7951436051,2020-12-21,2,18,desktop,(direct),(none),26.0,2,2,25,25,9,0,0,0
8452311.3681765761,2020-12-21,2,22,desktop,(direct),(none),23.0,2,4,17,5,3,1,5,0
7132358.6228292016,2020-12-22,3,8,desktop,(direct),(none),19.0,3,5,8,5,6,0,19,0
26486289.7514037038,2020-12-22,3,10,desktop,(direct),(none),38.0,3,4,53,5,3,0,0,0
7687174.7764454759,2020-12-22,3,4,desktop,(direct),(none),48.0,2,1,14,0,3,0,0,0
1056498.5939985013,2020-12-22,3,9,desktop,(direct),(none),19.0,1,8,6,6,6,0,6,1
38940697.0285959050,2020-12-22,3,23,desktop,(direct),(none),160.0,10,5,5,0,9,0,12,0
8269107.5312843213,2020-12-22,3,3,desktop,(direct),(none),16.0,1,2,18,5,6,0,5,0
6964077.2220093169,2020-12-22,3,7,desktop,(direct),(none),10.0,1,2,3,0,3,1,13,0
8726025.7712289207,2020-12-22,3,0,desktop,(direct),(none),36.0,2,2,7,8,6,0,7,0
8094052.1003317980,2020-12-23,4,18,desktop,(direct),(none),11.0,1,3,23,19,6,1,0,0
40810614.6993876384,2020-12-23,4,12,desktop,(direct),(none),656.0,93,3,27,0,3,4,3,0
42140555.7829005979,2020-12-23,4,4,desktop,(direct),(none),35.0,2,1,14,12,3,0,0,0
3055730.7915438788,2020-12-25,6,13,desktop,(direct),(none),48.0,2,4,26,18,9,0,1,0
1021887.1151788384,2020-12-26,7,20,desktop,(direct),(none),21.0,2,1,6,4,9,0,0,0
5963534.4700679023,2020-11-12,5,16,desktop,<Other>,<Other>,10.0,1,2,5,0,11,0,,0
4808186.2033160499,2020-11-12,5,18,desktop,<Other>,<Other>,16.0,1,1,8,0,1,1,0,0
7406779.5047994254,2020-11-13,6,6,desktop,<Other>,<Other>,22.0,1,1,5,0,10,0,0,0
6151599.7547010396,2020-11-13,6,16,desktop,<Other>,<Other>,14.0,2,1,2,0,2,0,,0
74016002.6019650209,2020-11-13,6,10,desktop,<Other>,<Other>,100.0,7,1,8,0,2,0,0,1
3018471.2187154322,2020-11-13,6,16,desktop,<Other>,<Other>,84.0,4,1,27,0,8,0,0,1
37978348.7910375072,2020-11-13,6,9,desktop,<Other>,<Other>,42.0,2,1,2,0,4,0,0,0
2077797.0559187989,2020-11-13,6,9,desktop,<Other>,<Other>,55.0,1,1,1,0,8,0,0,0
377360457.8254199418,2020-11-13,6,7,desktop,<Other>,<Other>,38.0,1,1,1,0,1,0,0,1
1554450.8430552983,2020-11-14,7,7,desktop,<Other>,<Other>,66.0,6,1,10,0,12,7,0,0
16053296.2312130373,2020-11-14,7,3,desktop,<Other>,<Other>,49.0,2,1,2,0,4,0,0,0
67300719.0613628944,2020-11-14,7,3,desktop,<Other>,<Other>,63.0,4,1,16,0,6,1,0,0
7798879.3207627147,2020-11-14,7,11,desktop,<Other>,<Other>,82.0,2,2,16,0,4,0,0,1
46622969.7099107810,2020-11-16,2,12,desktop,<Other>,<Other>,67.0,8,1,29,5,4,0,0,1
1279990.2790569705,2020-11-16,2,11,desktop,<Other>,<Other>,406.0,6,1,10,0,2,0,0,1
84868240.4309852777,2020-11-16,2,17,desktop,<Other>,<Other>,58.0,4,3,9,4,6,0,0,1
4121733.2351043117,2020-11-16,2,11,desktop,<Other>,<Other>,13.0,1,1,6,0,2,0,,0
13050580.3695394130,2020-11-16,2,4,desktop,<Other>,<Other>,51.0,3,1,17,0,2,0,0,0
23684852.7409567673,2020-11-17,3,21,desktop,<Other>,<Other>,91.0,8,1,30,1,1,0,0,0
89822931.5917917105,2020-11-17,3,21,desktop,<Other>,<Other>,24.0,3,2,16,7,5,0,0,0
43046171.3957940556,2020-11-17,3,13,desktop,<Other>,<Other>,38.0,3,1,6,5,4,0,0,0
6801200.8968241705,2020-11-17,3,1,desktop,<Other>,<Other>,49.0,3,4,18,2,3,0,,1
2912765.2807032809,2020-11-18,4,12,desktop,<Other>,<Other>,24.0,2,1,8,0,6,0,0,0
4292153.8730497072,2020-11-18,4,20,desktop,<Other>,<Other>,24.0,1,2,0,0,7,0,1,0
43950878.2847092801,2020-11-19,5,4,desktop,<Other>,<Other>,68.0,4,1,2,0,1,0,0,0
26869413.1979446467,2020-11-19,5,21,desktop,<Other>,<Other>,58.0,4,2,16,1,2,0,2,0
4020386.8419933704,2020-11-19,5,10,desktop,<Other>,<Other>,50.0,25,1,18,0,7,0,0,0
30675676.3150878065,2020-11-20,6,1,desktop,<Other>,<Other>,212.0,7,3,36,0,5,0,5,0
8043833.5057848398,2020-11-20,6,5,desktop,<Other>,<Other>,55.0,1,1,14,0,2,0,0,1
5039183135.2699720432,2020-11-21,7,19,desktop,<Other>,<Other>,120.0,1,2,16,0,3,4,0,0
24178523.2626897351,2020-11-21,7,10,desktop,<Other>,<Other>,39.0,4,5,35,9,2,0,,0
1549372.9570751941,2020-11-21,7,17,desktop,<Other>,<Other>,46.0,1,3,3,0,1,0,1,0
3762381.5920758171,2020-11-23,2,20,desktop,<Other>,<Other>,10.0,1,1,9,0,1,0,0,0
17321543.6104652631,2020-11-23,2,11,desktop,<Other>,<Other>,10.0,1,1,1,0,1,0,0,1
1243316.4074408289,2020-11-24,3,21,desktop,<Other>,<Other>,62.0,5,1,20,0,3,2,0,0
5706554.1170445750,2020-11-24,3,16,desktop,<Other>,<Other>,44.0,8,1,4,0,1,0,,0
53032448.0456415388,2020-11-24,3,13,desktop,<Other>,<Other>,44.0,3,6,51,0,4,0,14,0
5889305.1596594172,2020-11-24,3,16,desktop,<Other>,<Other>,166.0,5,1,27,0,2,0,,0
3178736.6661466531,2020-11-25,4,5,desktop,<Other>,<Other>,20.0,1,4,5,0,1,0,,0
49129255.3105543415,2020-11-25,4,15,desktop,<Other>,<Other>,185.0,6,1,14,0,1,0,,0
3090061.7241121971,2020-11-25,4,6,desktop,<Other>,<Other>,45.0,3,2,3,0,1,2,0,0
71706603.2631255790,2020-11-25,4,2,desktop,<Other>,<Other>,64.0,5,5,20,0,4,6,4,1
85373859.0716916641,2020-11-25,4,19,desktop,<Other>,<Other>,55.0,1,1,3,0,1,0,0,0
1393292.7340025556,2020-11-26,5,12,desktop,<Other>,<Other>,27.0,3,3,27,4,4,0,,0
3318051.7234216422,2020-11-27,6,1,desktop,<Other>,<Other>,131.0,5,2,3,4,1,0,1,0
5073051.0072849842,2020-11-27,6,10,desktop,<Other>,<Other>,78.0,2,1,5,1,2,0,0,0
65671033.8875667472,2020-11-27,6,7,desktop,<Other>,<Other>,155.0,5,1,7,7,2,0,0,1
7771300.1338167684,2020-11-27,6,1,desktop,<Other>,<Other>,73.0,3,1,7,7,1,0,0,0
5786975.5949263265,2020-11-27,6,19,desktop,<Other>,<Other>,47.0,2,1,5,1,2,0,0,0
6208845.6973803394,2020-11-27,6,5,desktop,<Other>,<Other>,61.0,4,1,9,2,1,0,0,0
51727598.3439876675,2020-11-28,7,22,desktop,<Other>,<Other>,25.0,8,1,7,4,2,5,0,0
67165994.3239573530,2020-11-28,7,10,desktop,<Other>,<Other>,80.0,2,1,7,2,3,0,0,1
66546232.8761568990,2020-11-28,7,6,desktop,<Other>,<Other>,86.0,5,4,21,4,4,0,,0
2414029.4775008968,2020-11-28,7,6,desktop,<Other>,<Other>,99.0,2,1,12,9,1,0,0,0
2638531.4937946565,2020-11-29,1,12,desktop,<Other>,<Other>,78.0,4,1,6,6,1,0,0,0
85466983.8102126141,2020-11-29,1,18,desktop,<Other>,<Other>,14.0,1,1,5,2,2,0,0,0
37018412.5979992931,2020-11-29,1,21,desktop,<Other>,<Other>,50.0,3,1,19,10,4,0,0,0
2663381.1128244448,2020-11-29,1,1,desktop,<Other>,<Other>,45.0,3,1,12,11,2,0,0,1
7722805.2360482435,2020-11-30,2,2,desktop,<Other>,<Other>,18.0,1,1,1,1,2,0,0,0
7620383.9581361736,2020-11-30,2,15,desktop,<Other>,<Other>,82.0,4,1,12,15,4,0,0,0
75429761.7297824940,2020-11-30,2,2,desktop,<Other>,<Other>,50.0,3,1,4,3,4,0,0,0
1367377.3916474675,2020-11-30,2,21,desktop,<Other>,<Other>,40.0,2,1,17,12,2,0,0,0
8871391487.5124506086,2020-12-01,3,11,desktop,<Other>,<Other>,33.0,2,2,50,8,4,0,0,0
76426835.8645612742,2020-12-01,3,12,desktop,<Other>,<Other>,92.0,1,1,1,0,2,0,0,0
1026932.0858862293,2020-12-01,3,9,desktop,<Other>,<Other>,55.0,1,1,11,1,2,1,0,1
9116326.9159124025,2020-12-01,3,11,desktop,<Other>,<Other>,23.0,1,1,15,2,2,0,0,1
90371170.5228005068,2020-12-01,3,8,desktop,<Other>,<Other>,24.0,1,1,1,2,2,0,0,0
49445326.2132641450,2020-12-01,3,5,desktop,<Other>,<Other>,37.0,2,2,17,8,6,0,0,0
13824849.4687242731,2020-12-01,3,6,desktop,<Other>,<Other>,15.0,5,1,6,5,2,0,0,0
6186645.2069480711,2020-12-01,3,16,desktop,<Other>,<Other>,48.0,2,1,7,5,2,0,0,0
8466512.3165163195,2020-12-01,3,9,desktop,<Other>,<Other>,60.0,4,4,12,4,4,1,26,0
6882515.8996618091,2020-12-02,4,16,desktop,<Other>,<Other>,14.0,1,1,7,6,2,0,0,0
83318375.5690486321,2020-12-02,4,20,desktop,<Other>,<Other>,72.0,9,1,31,10,4,0,0,0
74576246.9093845667,2020-12-02,4,22,desktop,<Other>,<Other>,135.0,5,3,21,5,3,0,,0
68138414.4145956258,2020-12-02,4,9,desktop,<Other>,<Other>,21.0,3,1,4,2,2,0,0,0
80381756.0295134079,2020-12-02,4,12,desktop,<Other>,<Other>,96.0,20,4,42,28,12,2,0,0
14107430.8136146352,2020-12-03,5,18,desktop,<Other>,<Other>,3.0,1,1,3,1,6,1,0,0
8625447.1591683262,2020-12-03,5,8,desktop,<Other>,<Other>,86.0,7,2,53,20,16,5,,0
68775886.1820194721,2020-12-03,5,23,desktop,<Other>,<Other>,13.0,1,1,5,1,2,2,0,0
3938471.9023028673,2020-12-03,5,2,desktop,<Other>,<Other>,22.0,7,3,10,6,14,0,0,0
2681069.0750146189,2020-12-03,5,2,desktop,<Other>,<Other>,72.0,3,1,10,8,10,0,0,0
11751524.1233943964,2020-12-03,5,23,desktop,<Other>,<Other>,73.0,3,1,3,3,4,1,0,0
66514997.2920888073,2020-12-03,5,19,desktop,<Other>,<Other>,13.0,2,1,1,1,2,0,0,0
7457444792.5740540830,2020-12-03,5,3,desktop,<Other>,<Other>,14.0,1,2,2,0,2,0,0,0
58792057.6572980874,2020-12-03,5,5,desktop,<Other>,<Other>,48.0,7,1,19,12,2,0,,0
2208253.9762452467,2020-12-03,5,2,desktop,<Other>,<Other>,42.0,3,2,12,3,2,0,0,0
43259288.5905790888,2020-12-04,6,18,desktop,<Other>,<Other>,53.0,2,1,37,4,8,0,0,1
1407240.9536646342,2020-12-04,6,7,desktop,<Other>,<Other>,20.0,10,1,24,5,6,0,0,0
63119766.2282574718,2020-12-05,7,19,desktop,<Other>,<Other>,98.0,5,1,15,12,4,0,0,0
2920530.7615095038,2020-12-05,7,4,desktop,<Other>,<Other>,92.0,3,1,3,2,4,0,0,0
47705051.4543207032,2020-12-05,7,1,desktop,<Other>,<Other>,55.0,6,1,10,3,2,0,0,1
7466332512.8576653585,2020-12-06,1,5,desktop,<Other>,<Other>,39.0,5,1,11,6,4,7,0,0
56066621.9392870540,2020-12-07,2,12,desktop,<Other>,<Other>,58.0,1,2,1,0,8,0,0,0
13951556.2585301904,2020-12-07,2,17,desktop,<Other>,<Other>,34.0,4,4,19,4,4,0,7,0
7275494.7811178530,2020-12-07,2,10,desktop,<Other>,<Other>,126.0,2,1,4,2,4,3,0,1
1463210.0055216168,2020-12-07,2,18,desktop,<Other>,<Other>,100.0,6,1,42,4,2,0,0,0
6662036.7879446573,2020-12-08,3,2,desktop,<Other>,<Other>,45.0,3,3,27,6,10,0,0,0
5442666.6069210320,2020-12-08,3,23,desktop,<Other>,<Other>,80.0,3,1,30,5,4,0,0,0
75936532.1243464726,2020-12-08,3,15,desktop,<Other>,<Other>,14.0,1,8,30,0,2,0,33,0
76327181.8386187810,2020-12-08,3,12,desktop,<Other>,<Other>,5.0,1,1,1,0,4,0,0,0
5898251.1308942779,2020-12-08,3,18,desktop,<Other>,<Other>,12.0,1,6,20,1,2,0,21,1
12411444.0410367159,2020-12-08,3,10,desktop,<Other>,<Other>,204.0,7,1,8,7,6,10,0,0
30013802.7072681119,2020-12-08,3,19,desktop,<Other>,<Other>,46.0,4,1,14,15,4,0,0,0
2879559328.6114740318,2020-12-08,3,5,desktop,<Other>,<Other>,16.0,1,1,1,2,2,0,0,0
8455928.7124581689,2020-12-08,3,0,desktop,<Other>,<Other>,8.0,1,1,1,0,4,0,0,0
4705602.5117173147,2020-12-09,4,17,desktop,<Other>,<Other>,62.0,4,1,16,1,2,0,0,0
7634543.7021985089,2020-12-09,4,2,desktop,<Other>,<Other>,113.0,4,1,43,0,4,0,0,1
66095345.4369472046,2020-12-09,4,21,desktop,<Other>,<Other>,34.0,2,1,17,7,2,0,0,0
43678268.2433515488,2020-12-09,4,8,desktop,<Other>,<Other>,446.0,18,1,42,34,2,0,0,0
29135809.8049828412,2020-12-09,4,13,desktop,<Other>,<Other>,124.0,2,1,17,2,2,0,0,0
7595660.4464003027,2020-12-09,4,4,desktop,<Other>,<Other>,30.0,1,1,2,2,2,0,,0
72227997.0657116551,2020-12-09,4,7,desktop,<Other>,<Other>,14.0,1,1,7,2,4,0,0,0
39077253.7899061745,2020-12-10,5,4,desktop,<Other>,<Other>,20.0,1,2,2,0,2,0,0,0
29659184.3200898552,2020-12-10,5,2,desktop,<Other>,<Other>,15.0,2,1,7,10,4,0,0,0
75897668.9066103152,2020-12-10,5,10,desktop,<Other>,<Other>,39.0,2,1,42,6,6,0,0,0
47731614.5840289942,2020-12-10,5,10,desktop,<Other>,<Other>,34.0,5,2,32,1,4,0,0,0
6989932.8832534125,2020-12-10,5,18,desktop,<Other>,<Other>,14.0,1,5,6,1,2,0,,1
32964131.2305658200,2020-12-11,6,9,desktop,<Other>,<Other>,68.0,5,1,32,8,6,1,0,0
5436485.8857572703,2020-12-11,6,6,desktop,<Other>,<Other>,58.0,6,1,40,10,2,0,0,0
78774008.6201015241,2020-12-11,6,1,desktop,<Other>,<Other>,61.0,4,5,73,26,6,0,6,0
4271969.9589215341,2020-12-11,6,22,desktop,<Other>,<Other>,91.0,6,3,40,10,10,0,25,0
74848554.8030271897,2020-12-11,6,9,desktop,<Other>,<Other>,113.0,16,3,17,1,4,0,10,0
6826941.5434656989,2020-12-11,6,13,desktop,<Other>,<Other>,74.0,4,2,12,5,4,0,1,0
51789539.5027614748,2020-12-11,6,17,desktop,<Other>,<Other>,24.0,1,2,10,4,8,0,0,0
26047087.5754406645,2020-12-11,6,7,desktop,<Other>,<Other>,38.0,1,2,15,1,2,4,0,0
2170538.8100092808,2020-12-11,6,16,desktop,<Other>,<Other>,24.0,1,1,6,1,2,0,0,0
92543812.4801771743,2020-12-12,7,17,desktop,<Other>,<Other>,3.0,1,1,2,2,6,0,0,0
61604299.4464644285,2020-12-12,7,2,desktop,<Other>,<Other>,18.0,2,1,13,3,4,0,0,0
637884255.3997903180,2020-12-12,7,14,desktop,<Other>,<Other>,67.0,7,9,20,9,4,6,,0
54769599.7567301976,2020-12-12,7,17,desktop,<Other>,<Other>,19.0,2,1,3,0,2,0,0,0
6330521.7497245885,2020-12-12,7,1,desktop,<Other>,<Other>,50.0,1,1,1,1,4,0,0,0
23754938.4809580024,2020-12-12,7,16,desktop,<Other>,<Other>,92.0,7,1,12,11,4,7,0,0
7116815.2975421997,2020-12-13,1,1,desktop,<Other>,<Other>,19.0,13,3,15,0,2,2,,0
7161013.2920991826,2020-12-13,1,10,desktop,<Other>,<Other>,21.0,5,1,9,6,2,0,0,0
73432329.6542458279,2020-12-13,1,18,desktop,<Other>,<Other>,16.0,1,2,25,10,2,0,0,0
45449104.5311744269,2020-12-13,1,23,desktop,<Other>,<Other>,48.0,1,2,1,0,4,0,29,0
11042625.9465902773,2020-12-13,1,8,desktop,<Other>,<Other>,75.0,3,1,6,2,4,0,0,0
3046093.2167709173,2020-12-13,1,9,desktop,<Other>,<Other>,74.0,6,3,18,0,2,0,,1
8889945.3857316896,2020-12-14,2,17,desktop,<Other>,<Other>,246.0,26,1,31,20,2,0,0,0
79475746.1929628694,2020-12-14,2,3,desktop,<Other>,<Other>,36.0,2,1,4,4,4,0,0,0
34566418.3175234997,2020-12-14,2,16,desktop,<Other>,<Other>,272.0,48,1,24,3,2,0,0,0
30015563.8542768971,2020-12-14,2,22,desktop,<Other>,<Other>,181.0,5,1,4,6,4,0,0,0
5671461926.8532720409,2020-12-14,2,2,desktop,<Other>,<Other>,51.0,3,4,21,4,2,1,39,0
40919582.2188794043,2020-12-15,3,12,desktop,<Other>,<Other>,216.0,10,3,68,39,4,2,1,0
90778964.2302489928,2020-12-15,3,18,desktop,<Other>,<Other>,79.0,1,1,0,0,4,0,0,0
4484161.8947884851,2020-12-15,3,13,desktop,<Other>,<Other>,79.0,1,1,2,3,2,0,0,0
4064498101.4865231659,2020-12-15,3,6,desktop,<Other>,<Other>,43.0,3,1,8,3,2,0,0,0
1773396.0419473781,2020-12-15,3,23,desktop,<Other>,<Other>,81.0,2,1,30,0,8,0,0,0
6145836.1172580962,2020-12-16,4,21,desktop,<Other>,<Other>,58.0,5,1,37,20,2,0,0,0
8366314228.9854739652,2020-12-16,4,2,desktop,<Other>,<Other>,164.0,34,1,15,19,4,0,0,0
7980854.4779699400,2020-12-16,4,18,desktop,<Other>,<Other>,70.0,2,6,13,0,4,0,1,0
8944117.0831290845,2020-12-17,5,19,desktop,<Other>,<Other>,58.0,9,2,16,16,3,0,1,0
49499670.1702984658,2020-12-18,6,20,desktop,<Other>,<Other>,50.0,2,1,36,5,15,0,0,0
4186237.2268701556,2020-12-18,6,14,desktop,<Other>,<Other>,96.0,1,4,7,0,7,1,,0
71278332.7023651906,2020-12-18,6,21,desktop,<Other>,<Other>,77.0,4,1,49,24,9,0,0,0
31434781.7401740396,2020-12-18,6,2,desktop,<Other>,<Other>,192.0,4,1,1,0,6,0,0,0
628363132.9737513033,2020-12-19,7,0,desktop,<Other>,<Other>,191.0,16,1,39,29,12,0,0,0
47809082.2700865658,2020-12-19,7,1,desktop,<Other>,<Other>,88.0,1,1,2,0,6,0,0,0
1513222.1542392261,2020-12-20,1,17,desktop,<Other>,<Other>,42.0,3,1,7,5,6,0,0,1
56136935.4839413206,2020-12-21,2,23,desktop,<Other>,<Other>,48.0,1,1,5,0,3,0,0,0
7070291.4775984721,2020-12-21,2,23,desktop,<Other>,<Other>,74.0,2,1,5,4,3,0,0,0
3291666.2185697988,2020-12-22,3,13,desktop,<Other>,<Other>,216.0,23,1,50,6,6,5,0,0
34715004.0442654743,2020-12-23,4,19,desktop,<Other>,<Other>,38.0,2,10,51,47,5,0,12,1
39900664.0026836871,2020-12-23,4,9,desktop,<Other>,<Other>,30.0,1,1,10,5,6,0,0,0
12910142.0755638588,2020-12-24,5,7,desktop,<Other>,<Other>,59.0,2,4,7,4,6,0,14,0
34001109.5893008660,2020-11-15,1,18,desktop,google,cpc,129.0,9,1,10,0,2,0,0,0
1451078.8215732025,2020-11-16,2,5,desktop,google,cpc,24.0,1,6,10,0,10,0,,0
30129503.7074362162,2020-11-16,2,23,desktop,google,cpc,30.0,1,5,11,0,24,0,7,0
14525425.6643981670,2020-11-18,4,6,desktop,google,cpc,19.0,12,1,7,0,2,1,0,0
92072022.0613567200,2020-11-18,4,16,desktop,google,cpc,48.0,1,6,4,1,4,0,,0
77461948.4804221368,2020-11-20,6,9,desktop,google,cpc,76.0,2,1,6,0,4,0,0,0
6472499.9883959963,2020-11-20,6,6,desktop,google,cpc,58.0,2,1,10,0,2,0,0,0
70837463.6029197962,2020-11-23,2,20,desktop,google,cpc,13.0,1,3,14,0,2,0,,0
27561053.0859597448,2020-11-24,3,21,desktop,google,cpc,16.0,2,3,12,0,1,2,12,0
86834775.2599012346,2020-11-24,3,16,desktop,google,cpc,22.0,1,1,11,0,2,0,0,0
6374509.0554738373,2020-11-26,5,3,desktop,google,cpc,12.0,2,1,5,3,1,0,0,0
67425241.5630895543,2020-11-27,6,8,desktop,google,cpc,111.0,4,1,14,14,2,0,0,0
74826760.8268644803,2020-11-27,6,9,desktop,google,cpc,75.0,10,1,19,17,1,1,,0
45237746.5667441680,2020-11-28,7,2,desktop,google,cpc,63.0,2,1,5,6,4,0,0,0
79260143.2564567739,2020-11-29,1,8,desktop,google,cpc,233.0,13,1,9,0,1,0,0,0
17360922.4174805251,2020-11-30,2,10,desktop,google,cpc,130.0,8,1,38,8,2,2,0,0
2502277.1517433932,2020-11-30,2,20,desktop,google,cpc,76.0,8,1,20,7,4,0,0,0
7231269.9049300807,2020-11-30,2,12,desktop,google,cpc,80.0,3,2,26,6,4,0,0,1
1424156.5448723626,2020-11-30,2,20,desktop,google,cpc,22.0,2,1,8,3,2,3,0,0
12813365.2129427856,2020-11-30,2,16,desktop,google,cpc,27.0,3,1,2,2,4,0,0,0
68013390.7379951300,2020-11-30,2,21,desktop,google,cpc,50.0,3,5,8,0,2,0,,0
3949544.2182643123,2020-12-01,3,1,desktop,google,cpc,112.0,3,4,16,12,4,0,,1
39840608.0620243295,2020-12-01,3,2,desktop,google,cpc,123.0,3,1,29,3,4,0,0,0
20066086.9470097903,2020-12-02,4,9,desktop,google,cpc,46.0,1,1,3,1,2,0,0,0
3399785.8423375214,2020-12-02,4,11,desktop,google,cpc,49.0,4,3,64,35,18,1,0,0
42708046.4152584281,2020-12-02,4,13,desktop,google,cpc,75.0,7,1,14,11,4,0,0,0
7677512.7553474604,2020-12-03,5,10,desktop,google,cpc,50.0,3,1,6,4,2,0,0,0
4243708.2068286631,2020-12-04,6,9,desktop,google,cpc,25.0,1,1,8,2,4,0,0,0
67357054.9566811359,2020-12-04,6,8,desktop,google,cpc,30.0,2,1,28,9,10,2,0,0
5579434.4769739748,2020-12-05,7,13,desktop,google,cpc,307.0,7,1,20,4,8,0,0,0
18096538.3296121239,2020-12-07,2,15,desktop,google,cpc,42.0,3,1,19,0,2,0,0,0
6852589435.5129465651,2020-12-07,2,13,desktop,google,cpc,58.0,2,1,26,3,4,0,0,0
70870420.8943424184,2020-12-07,2,5,desktop,google,cpc,172.0,9,1,19,0,2,0,,0
4463451705.5977494978,2020-12-07,2,0,desktop,google,cpc,44.0,1,1,2,0,2,0,0,0
55808853.8197957326,2020-12-08,3,1,desktop,google,cpc,31.0,2,1,18,1,4,0,0,0
46711302.2852397988,2020-12-08,3,12,desktop,google,cpc,27.0,1,1,6,2,2,0,0,0
8778258.6853868743,2020-12-08,3,0,desktop,google,cpc,25.0,2,2,42,11,8,0,0,0
60290905.3120917328,2020-12-08,3,23,desktop,google,cpc,69.0,1,1,6,1,2,5,0,0
84066312.1151239105,2020-12-08,3,19,desktop,google,cpc,40.0,1,1,1,1,4,1,0,0
88244617.7250834425,2020-12-09,4,8,desktop,google,cpc,58.0,2,1,9,2,2,1,,0
6491610.4022550572,2020-12-10,5,10,desktop,google,cpc,18.0,2,1,4,0,2,0,0,0
5528800.9735472185,2020-12-11,6,13,desktop,google,cpc,30.0,2,2,33,17,4,2,0,0
9584008.2004173620,2020-12-11,6,22,desktop,google,cpc,106.0,5,1,28,28,2,0,0,0
4651234.6787037490,2020-12-11,6,12,desktop,google,cpc,44.0,1,1,6,1,2,2,0,1
61381411.6432434571,2020-12-11,6,18,desktop,google,cpc,52.0,4,4,2,1,2,0,0,0
1693400.8503839575,2020-12-12,7,7,desktop,google,cpc,50.0,2,1,18,18,4,0,0,0
50169177.1164239240,2020-12-14,2,20,desktop,google,cpc,107.0,2,1,10,0,6,0,0,0
54377925.8475765994,2020-12-15,3,19,desktop,google,cpc,91.0,5,4,42,16,8,0,1,0
8315543.6828475045,2020-12-15,3,6,desktop,google,cpc,89.0,9,1,37,2,6,0,0,0
1270026.4390167050,2020-12-15,3,2,desktop,google,cpc,44.0,6,2,49,30,8,0,2,0
6488580233.2228683836,2020-12-16,4,8,desktop,google,cpc,291.0,13,3,56,19,6,0,28,0
2323477.7085022522,2020-12-16,4,18,desktop,google,cpc,22.0,5,2,12,10,8,0,0,0
3365134.0673833488,2020-12-17,5,7,desktop,google,cpc,75.0,1,1,5,0,4,1,0,0
58234029.0722348975,2020-12-17,5,22,desktop,google,cpc,24.0,3,1,4,4,2,0,0,0
30919230.3331476140,2020-12-18,6,0,desktop,google,cpc,60.0,1,1,1,0,2,0,0,0
42372741.7725745796,2020-12-18,6,22,desktop,google,cpc,32.0,1,1,14,0,6,0,0,1
7172054.6394028971,2020-12-18,6,12,desktop,google,cpc,102.0,6,1,16,13,6,3,0,0
48856615.5342430257,2020-12-19,7,15,desktop,google,cpc,43.0,2,3,30,5,9,2,1,0
8687815.2855089496,2020-12-19,7,3,desktop,google,cpc,40.0,4,2,6,6,3,0,0,0
1532532525.0257377084,2020-12-22,3,0,desktop,google,cpc,61.0,1,1,2,1,9,0,0,0
45496216.9206092900,2020-12-23,4,7,desktop,google,cpc,17.0,4,4,13,6,3,0,6,0
21683663.4440188892,2020-12-24,5,2,desktop,google,cpc,20.0,2,4,12,10,8,0,,0
4894078.6166673508,2020-12-24,5,16,desktop,google,cpc,48.0,8,3,36,16,9,0,26,0
13889156.1708430041,2020-11-12,5,11,desktop,google,organic,184.0,8,3,34,0,1,0,,0
43389046.2082927171,2020-11-12,5,22,desktop,google,organic,16.0,1,3,8,0,4,0,,0
72570282.3030113750,2020-11-12,5,20,desktop,google,organic,38.0,2,1,3,0,2,0,0,0
1163427.9837807307,2020-11-12,5,13,desktop,google,organic,29.0,1,1,1,0,2,0,0,0
17663569.1229629383,2020-11-12,5,2,desktop,google,organic,8.0,1,1,5,0,1,1,0,0
12921729.7383461315,2020-11-12,5,16,desktop,google,organic,16.0,1,1,20,0,2,0,,0
6564796.1290041020,2020-11-12,5,8,desktop,google,organic,152.0,9,1,13,0,2,14,0,0
4295503.4410846501,2020-11-13,6,16,desktop,google,organic,6.0,3,1,2,0,2,0,0,0
2027197.2609813465,2020-11-13,6,1,desktop,google,organic,51.0,2,1,2,0,1,0,0,0
54971191.9192770128,2020-11-13,6,20,desktop,<Other>,organic,10.0,2,1,53,0,14,0,0,0
86816051.5538787911,2020-11-13,6,12,desktop,google,organic,145.0,11,3,20,0,2,0,,1
60182642.3435447102,2020-11-13,6,0,desktop,google,organic,22.0,1,1,0,0,1,0,0,0
5833707.4640795740,2020-11-13,6,21,desktop,google,organic,30.0,2,2,54,0,3,0,3,0
4103364.9302246103,2020-11-13,6,8,desktop,google,organic,115.0,2,1,0,0,2,0,0,0
36185608.4688744734,2020-11-14,7,1,desktop,google,organic,64.0,4,1,15,0,6,0,0,0
7444839.8804218896,2020-11-14,7,13,desktop,google,organic,71.0,1,3,14,0,4,0,,0
14702008.5250023594,2020-11-14,7,18,desktop,google,organic,40.0,3,1,8,0,2,1,,0
3776054.3479849754,2020-11-15,1,17,desktop,google,organic,16.0,1,1,2,0,2,0,0,0
83509896.1101407720,2020-11-15,1,19,desktop,<Other>,organic,108.0,4,1,25,0,4,0,0,0
40346918.5536032263,2020-11-15,1,6,desktop,google,organic,74.0,2,2,4,0,4,0,,1
67005637.6761486039,2020-11-15,1,6,desktop,<Other>,organic,32.0,1,1,5,0,2,0,0,0
71723112.6543112989,2020-11-16,2,22,desktop,google,organic,46.0,1,1,2,0,2,0,0,0
7668287.6909784405,2020-11-16,2,20,desktop,google,organic,38.0,2,1,1,0,2,0,0,0
2673583.9030483225,2020-11-16,2,0,desktop,google,organic,54.0,4,1,4,0,4,0,0,0
27584951.2526782041,2020-11-16,2,2,desktop,google,organic,12.0,1,1,1,0,2,0,0,0
1951144.2472590359,2020-11-16,2,22,desktop,google,organic,48.0,3,1,15,0,6,0,0,0
1457551.9813423359,2020-11-16,2,14,desktop,google,organic,37.0,14,3,34,0,2,0,,0
71409956.2205600982,2020-11-16,2,8,desktop,google,organic,46.0,1,8,74,0,14,0,5,0
17209917.8498366479,2020-11-16,2,18,desktop,google,organic,78.0,4,2,11,0,2,0,,0
13654113.8966730613,2020-11-17,3,3,desktop,google,organic,151.0,6,1,18,3,2,0,0,0
69422630.5424369871,2020-11-17,3,1,desktop,google,organic,13.0,1,1,5,0,4,0,,0
43930190.6916774543,2020-11-17,3,2,desktop,<Other>,organic,154.0,3,1,11,0,6,0,0,0
82819933.0760343151,2020-11-17,3,10,desktop,google,organic,53.0,31,1,11,6,2,5,,0
46589160.1790293902,2020-11-17,3,13,desktop,google,organic,32.0,1,2,10,0,1,0,,0
1207697.7765216065,2020-11-17,3,10,desktop,google,organic,17.0,1,1,3,1,6,1,0,0
6652977.1027873844,2020-11-17,3,17,desktop,google,organic,50.0,3,1,3,3,8,0,0,1
4951108.2778514025,2020-11-17,3,23,desktop,google,organic,94.0,3,2,19,1,1,4,1,0
24851076.8537081033,2020-11-17,3,8,desktop,google,organic,7.0,1,1,4,0,2,0,0,0
80975437.6451700615,2020-11-18,4,16,desktop,google,organic,60.0,1,2,1,0,3,0,0,1
24745771.8606465125,2020-11-18,4,8,desktop,google,organic,71.0,5,1,7,6,2,0,0,0
1317256.8451359656,2020-11-19,5,14,desktop,<Other>,organic,104.0,18,2,32,0,8,0,,0
6035403.0151268164,2020-11-19,5,4,desktop,google,organic,48.0,6,1,37,0,3,0,0,0
30970636.0210409460,2020-11-19,5,8,desktop,google,organic,7.0,1,1,3,0,3,0,0,0
72967154.2008054722,2020-11-19,5,13,desktop,google,organic,132.0,3,1,6,0,5,0,0,0
5173366.0437512460,2020-11-19,5,15,desktop,google,organic,54.0,6,1,35,0,3,0,0,0
2456393477.5274765122,2020-11-19,5,5,desktop,google,organic,111.0,3,1,10,0,3,2,0,0
1943185.6260713896,2020-11-20,6,12,desktop,google,organic,40.0,1,2,8,0,3,0,0,0
91388989.2835941751,2020-11-20,6,17,desktop,google,organic,48.0,2,1,5,0,1,0,,0
22222567.3132315095,2020-11-20,6,22,desktop,google,organic,118.0,8,4,19,0,2,3,18,0
64416999.5439036039,2020-11-20,6,23,desktop,google,organic,42.0,4,3,16,0,4,1,,0
6775372.4463471076,2020-11-20,6,16,desktop,google,organic,32.0,1,3,7,0,9,0,7,1
39602761.4128729087,2020-11-20,6,23,desktop,google,organic,149.0,9,1,12,0,1,0,,1
39882887.2837298291,2020-11-21,7,5,desktop,google,organic,23.0,3,3,5,0,1,0,3,0
52083507.8774663935,2020-11-21,7,15,desktop,google,organic,76.0,6,2,18,0,3,1,0,0
70274582.7964868916,2020-11-21,7,22,desktop,google,organic,185.0,5,1,19,0,2,0,0,0
8337415.6051453076,2020-11-21,7,2,desktop,google,organic,28.0,2,3,5,2,5,0,2,1
9134268.2677185739,2020-11-21,7,0,desktop,google,organic,149.0,12,2,69,0,3,0,0,0
30327434.6405100575,2020-11-22,1,18,desktop,google,organic,15.0,1,1,2,0,1,2,0,1
27091777.7996598878,2020-11-22,1,3,desktop,google,organic,67.0,8,1,21,0,2,3,0,0
26602266.2623964235,2020-11-22,1,22,desktop,google,organic,16.0,1,2,13,0,1,2,0,0
54535436.2028528496,2020-11-23,2,10,desktop,google,organic,55.0,1,1,3,0,4,3,0,1
5788753.6504747065,2020-11-23,2,3,desktop,google,organic,48.0,1,1,2,0,2,0,0,0
2430931.6173812141,2020-11-23,2,22,desktop,google,organic,32.0,3,2,30,0,12,0,17,0
7580278.4231956908,2020-11-23,2,2,desktop,google,organic,56.0,6,2,8,0,2,1,0,0
4690975558.5693388345,2020-11-23,2,6,desktop,google,organic,21.0,2,1,2,0,1,0,,0
5303282.2843811139,2020-11-23,2,21,desktop,google,organic,22.0,1,1,2,0,1,0,0,0
49338484.8834497287,2020-11-23,2,6,desktop,google,organic,24.0,1,3,15,0,2,0,1,0
65301301.6829526920,2020-11-23,2,17,desktop,google,organic,50.0,5,1,5,0,3,0,,0
79509844.1081277926,2020-11-23,2,20,desktop,google,organic,70.0,1,1,4,0,4,0,0,1
50524891.0248544815,2020-11-24,3,22,desktop,google,organic,86.0,3,2,26,0,2,0,22,0
25930591.1422187379,2020-11-24,3,13,desktop,<Other>,organic,61.0,3,3,7,0,1,1,,0
91875291.2902344333,2020-11-24,3,14,desktop,google,organic,13.0,3,1,11,0,2,0,,0
88890409.0907454901,2020-11-24,3,16,desktop,google,organic,89.0,1,1,24,0,5,3,0,0
1236268.2863374901,2020-11-24,3,22,desktop,google,organic,153.0,8,2,30,0,1,0,0,0
80394414.5185177426,2020-11-24,3,18,desktop,google,organic,55.0,5,1,14,0,2,0,,1
27754794.4046505931,2020-11-24,3,2,desktop,google,organic,119.0,2,1,3,0,1,0,0,0
36297239.9102278771,2020-11-24,3,1,desktop,google,organic,46.0,1,3,4,0,1,1,,0
47604125.6375976952,2020-11-24,3,9,desktop,google,organic,28.0,2,1,1,0,2,0,,0
1405881.0137309906,2020-11-24,3,0,desktop,<Other>,organic,17.0,2,1,2,0,2,0,0,0
7179770.4251022266,2020-11-24,3,14,desktop,google,organic,96.0,1,1,2,0,1,1,0,0
15127451.7298076642,2020-11-24,3,20,desktop,google,organic,35.0,6,1,10,0,1,0,,0
67391455.3832286263,2020-11-24,3,23,desktop,<Other>,organic,48.0,2,2,36,0,1,0,,0
1396456.6482506733,2020-11-24,3,16,desktop,google,organic,98.0,2,1,10,0,1,0,0,0
2768703.4866675938,2020-11-24,3,13,desktop,<Other>,organic,352.0,10,1,8,0,2,0,0,0
5155655.8559554783,2020-11-24,3,19,desktop,google,organic,46.0,1,1,1,0,1,0,0,0
80431044.0006326452,2020-11-24,3,16,desktop,google,organic,38.0,1,1,4,0,1,0,,0
56293890.1487399791,2020-11-24,3,12,desktop,google,organic,24.0,1,1,2,0,1,0,,0
2765238449.6586996303,2020-11-24,3,17,desktop,google,organic,97.0,6,1,35,0,1,0,0,0
7770092.5618500764,2020-11-24,3,17,desktop,google,organic,172.0,8,1,30,0,1,0,0,0
38597663.4917826189,2020-11-24,3,6,desktop,google,organic,71.0,1,1,1,0,1,0,0,0
35966519.5288664403,2020-11-25,4,2,desktop,google,organic,17.0,6,1,17,0,1,0,,0
6072463.1803217592,2020-11-25,4,11,desktop,google,organic,176.0,8,2,51,0,1,0,0,0
3231609.9615457151,2020-11-25,4,1,desktop,google,organic,207.0,9,2,50,0,2,0,,1
83486645.0419878784,2020-11-25,4,5,desktop,google,organic,66.0,6,2,28,0,6,12,13,0
5413303.6631923503,2020-11-25,4,6,desktop,google,organic,21.0,2,1,14,0,4,0,0,0
41219861.0962256916,2020-11-25,4,0,desktop,google,organic,16.0,1,2,5,0,3,0,0,0
88662111.3937031291,2020-11-25,4,11,desktop,google,organic,28.0,2,1,20,0,4,0,0,1
20295806.6156999491,2020-11-25,4,10,desktop,google,organic,32.0,1,1,5,0,2,0,0,0
67692146.5227615799,2020-11-25,4,16,desktop,google,organic,65.0,16,1,9,0,1,0,0,0
2400077.1013225386,2020-11-25,4,13,desktop,google,organic,53.0,4,1,14,0,3,0,0,0
28469804.2841019579,2020-11-25,4,7,desktop,google,organic,72.0,2,5,6,0,1,0,,0
13917611.4949733025,2020-11-25,4,3,desktop,google,organic,36.0,2,3,6,0,7,0,2,0
3952536.1153406582,2020-11-26,5,10,desktop,google,organic,104.0,2,2,16,7,5,0,0,0
4579624.7993134890,2020-11-26,5,0,desktop,google,organic,33.0,2,1,46,10,1,0,0,0
46734973.9290399270,2020-11-26,5,7,desktop,google,organic,22.0,1,1,7,1,2,0,0,0
42405038.8323381302,2020-11-26,5,19,desktop,google,organic,37.0,1,1,10,1,1,0,0,0
3921417.7949867132,2020-11-26,5,3,desktop,google,organic,108.0,3,1,5,0,3,0,0,0
35522671.6536677001,2020-11-26,5,12,desktop,google,organic,36.0,4,1,23,20,1,1,,0
17687643.0735161866,2020-11-26,5,11,desktop,google,organic,48.0,1,1,4,5,4,0,0,0
80052422.3313734927,2020-11-26,5,0,desktop,google,organic,97.0,6,1,6,6,1,0,0,0
21199689.9636890755,2020-11-26,5,13,desktop,<Other>,organic,71.0,5,1,24,5,2,0,0,0
5846466.3241896799,2020-11-26,5,1,desktop,google,organic,33.0,2,4,57,0,2,2,,0
39965653.0318600367,2020-11-26,5,12,desktop,google,organic,73.0,6,2,61,6,3,0,,0
4999996.3974619938,2020-11-27,6,16,desktop,google,organic,48.0,2,1,14,6,2,0,0,0
45089539.3509396620,2020-11-27,6,10,desktop,google,organic,8.0,1,1,1,0,2,0,0,0
81176111.0310368280,2020-11-27,6,23,desktop,google,organic,69.0,3,1,13,11,2,0,0,0
12174342.2198928658,2020-11-27,6,12,desktop,google,organic,189.0,9,9,85,12,5,0,6,0
8067602.4980547079,2020-11-27,6,14,desktop,google,organic,38.0,1,3,14,2,3,0,,0
5066816.6257375639,2020-11-27,6,11,desktop,google,organic,47.0,2,1,4,0,2,1,0,0
86388013.6727453761,2020-11-27,6,10,desktop,google,organic,66.0,3,3,53,5,4,0,6,0
58921879.4348134368,2020-11-28,7,5,desktop,google,organic,48.0,2,7,25,17,3,0,,0
5579251.3024079662,2020-11-28,7,3,desktop,google,organic,208.0,12,1,21,20,1,6,0,0
52556132.9245922809,2020-11-28,7,15,desktop,google,organic,40.0,1,2,1,0,2,1,,0
5027137.8356570660,2020-11-28,7,10,desktop,google,organic,109.0,8,1,36,28,5,1,,0
28193094.1619179501,2020-11-28,7,1,desktop,google,organic,71.0,1,1,17,1,1,0,0,0
83739349.8729103328,2020-11-28,7,1,desktop,google,organic,95.0,11,2,19,21,1,0,0,1
2264577.0020880649,2020-11-28,7,22,desktop,google,organic,12.0,1,1,6,4,1,0,0,0
8978772.4955738043,2020-11-28,7,16,desktop,<Other>,organic,88.0,2,1,4,4,3,0,0,0
86936215.6636494751,2020-11-28,7,21,desktop,<Other>,organic,31.0,3,2,21,1,1,4,17,0
7361524.3246563494,2020-11-28,7,6,desktop,google,organic,27.0,2,1,12,0,1,0,0,0
67778099.0728510159,2020-11-28,7,9,desktop,google,organic,53.0,4,1,39,7,1,0,0,0
1131754.5265277968,2020-11-28,7,14,desktop,google,organic,90.0,2,1,20,0,1,0,0,0
89569133.8053314611,2020-11-28,7,5,desktop,google,organic,46.0,1,3,5,0,5,0,8,0
2228267.9773362374,2020-11-29,1,13,desktop,google,organic,59.0,2,5,12,4,4,1,19,0
4036650209.1454214037,2020-11-29,1,6,desktop,google,organic,40.0,1,1,2,0,1,0,0,0
5305452.1871311002,2020-11-29,1,16,desktop,google,organic,142.0,5,1,33,13,8,0,0,1
54702927.8397025036,2020-11-29,1,17,desktop,google,organic,40.0,4,1,14,3,4,1,0,0
5067255.5671603048,2020-11-29,1,19,desktop,google,organic,20.0,2,2,9,5,6,0,0,0
24746976.7398576212,2020-11-29,1,16,desktop,google,organic,25.0,1,1,1,1,1,0,0,0
39848806.8098859726,2020-11-29,1,7,desktop,<Other>,organic,63.0,5,1,15,4,1,12,0,0
1961021.4251862365,2020-11-30,2,21,desktop,google,organic,203.0,12,4,18,7,6,0,11,0
1832855.2035957845,2020-11-30,2,12,desktop,google,organic,42.0,4,1,32,7,2,0,0,1
3800893.0734397867,2020-11-30,2,16,desktop,google,organic,58.0,4,5,9,7,4,0,9,0
8421611.9716301302,2020-11-30,2,9,desktop,google,organic,160.0,10,1,23,0,10,0,0,0
39355591.8399830036,2020-11-30,2,18,desktop,google,organic,11.0,3,1,3,3,4,3,0,0
50131723.8552639593,2020-11-30,2,11,desktop,google,organic,17.0,1,2,4,0,6,0,0,0
45440207.6630333190,2020-11-30,2,10,desktop,google,organic,100.0,22,1,42,8,6,4,0,0
58083221.3332935704,2020-11-30,2,12,desktop,google,organic,87.0,2,2,39,2,8,0,0,0
3534695.1368743879,2020-11-30,2,0,desktop,google,organic,58.0,21,1,6,7,2,0,0,0
85426868.9776141044,2020-11-30,2,9,desktop,google,organic,51.0,2,5,17,2,2,0,,0
58603767.6719650157,2020-11-30,2,19,desktop,google,organic,216.0,22,1,31,16,2,0,0,0
2028522.0201942206,2020-11-30,2,3,desktop,google,organic,27.0,2,1,5,4,2,0,,1
34756247.3212719194,2020-11-30,2,21,desktop,google,organic,19.0,2,1,3,2,4,0,,0
7393648.1873812517,2020-11-30,2,12,desktop,google,organic,24.0,1,1,2,2,6,0,0,0
3519862.5500955315,2020-11-30,2,20,desktop,<Other>,organic,97.0,3,1,46,24,4,0,0,0
2241964.8178177438,2020-11-30,2,2,desktop,google,organic,116.0,31,1,40,16,2,0,0,0
78221431.2724111930,2020-11-30,2,22,desktop,google,organic,857.0,29,3,54,3,2,0,,1
6006118.2429897577,2020-11-30,2,9,desktop,google,organic,245.0,12,1,10,3,4,0,0,0
7639123.9923154617,2020-11-30,2,1,desktop,google,organic,115.0,2,1,21,13,4,0,0,0
66923823.1806014019,2020-12-01,3,21,desktop,google,organic,15.0,2,2,11,5,6,0,0,0
3180182.4942152148,2020-12-01,3,9,desktop,google,organic,44.0,1,1,1,0,2,0,0,0
43078053.5511752417,2020-12-01,3,20,desktop,google,organic,18.0,2,1,5,2,4,0,0,0
2365980.2818968577,2020-12-01,3,2,desktop,google,organic,21.0,3,1,16,15,2,0,0,0
6578204.1614469741,2020-12-01,3,23,desktop,google,organic,16.0,5,2,9,5,4,0,6,0
1191134210.2761732740,2020-12-01,3,0,desktop,google,organic,44.0,1,1,7,4,2,0,0,0
3296353.3679123615,2020-12-01,3,5,desktop,google,organic,4.0,1,11,26,0,4,0,13,0
54688310.8635917702,2020-12-01,3,21,desktop,google,organic,24.0,1,1,1,0,2,0,0,0
5298181.7137406370,2020-12-02,4,15,desktop,google,organic,32.0,2,1,2,2,2,0,0,0
12887118.8383244818,2020-12-02,4,20,desktop,google,organic,44.0,1,2,2,0,2,0,1,0
6426167445.5684515638,2020-12-02,4,22,desktop,google,organic,36.0,2,1,34,6,4,0,0,0
2491093.1507462366,2020-12-02,4,10,desktop,google,organic,28.0,1,1,5,0,2,0,0,0
59148831.3216183453,2020-12-02,4,17,desktop,google,organic,138.0,4,4,52,0,2,1,9,0
61741032.4991073931,2020-12-02,4,4,desktop,google,organic,24.0,2,1,25,4,2,0,0,0
4179598.1109922526,2020-12-02,4,16,desktop,google,organic,48.0,3,2,44,22,2,0,0,0
85126752.5809296257,2020-12-02,4,21,desktop,google,organic,12.0,4,1,3,1,8,0,0,0
5941705.3208072194,2020-12-02,4,22,desktop,google,organic,86.0,5,1,5,5,2,0,0,0
1888230.0570611298,2020-12-02,4,11,desktop,google,organic,15.0,3,1,7,9,2,0,0,0
47515634.0452819199,2020-12-02,4,6,desktop,google,organic,211.0,11,2,17,2,6,1,,0
6051492.6597366361,2020-12-02,4,17,desktop,google,organic,24.0,3,3,18,1,6,0,0,0
65404110.4294747844,2020-12-03,5,16,desktop,google,organic,77.0,2,2,7,10,6,0,6,0
13939412.7536118892,2020-12-03,5,4,desktop,<Other>,organic,76.0,7,1,10,4,2,0,0,0
90858395.4544953123,2020-12-03,5,2,desktop,google,organic,18.0,3,2,22,2,4,1,23,0
43104551.6050610800,2020-12-03,5,19,desktop,google,organic,26.0,2,4,23,2,2,1,16,0
2059051.2925802862,2020-12-03,5,22,desktop,google,organic,55.0,6,5,14,11,4,0,8,0
17275574.8888353986,2020-12-03,5,10,desktop,google,organic,30.0,1,4,18,0,8,0,1,0
26441613.3587365483,2020-12-03,5,5,desktop,google,organic,20.0,8,1,11,4,2,0,0,0
5365503.8577707049,2020-12-03,5,17,desktop,google,organic,88.0,2,1,6,8,2,0,0,0
30740141.8312828467,2020-12-03,5,4,desktop,google,organic,44.0,1,1,3,2,6,0,0,0
25044369.5523734851,2020-12-03,5,4,desktop,google,organic,19.0,4,1,19,1,8,1,,0
1073768.8680631283,2020-12-03,5,4,desktop,google,organic,57.0,2,5,89,26,14,1,1,0
3754421.5686844742,2020-12-03,5,9,desktop,google,organic,30.0,1,1,2,0,2,0,0,0
85053757.5306091239,2020-12-03,5,20,desktop,google,organic,48.0,1,3,2,1,6,0,0,0
4911450789.3427208665,2020-12-03,5,18,desktop,google,organic,35.0,3,1,31,6,12,0,0,0
44214862.9846951804,2020-12-03,5,9,desktop,google,organic,44.0,2,1,12,2,2,0,0,0
12423250.3788580907,2020-12-03,5,0,desktop,google,organic,44.0,3,3,12,3,2,1,0,0
66913143.5379490723,2020-12-04,6,0,desktop,google,organic,38.0,1,1,6,0,2,0,0,0
65961107.4750713729,2020-12-04,6,8,desktop,google,organic,133.0,4,1,52,14,4,0,0,0
71159593.7865196265,2020-12-04,6,14,desktop,google,organic,38.0,2,4,69,6,2,0,,0
8441965.3425764752,2020-12-04,6,7,desktop,google,organic,38.0,3,1,3,0,4,2,0,0
42393609.9505932976,2020-12-04,6,7,desktop,google,organic,22.0,1,1,4,2,2,0,,0
5310177.6035821276,2020-12-04,6,23,desktop,google,organic,168.0,4,1,18,21,4,0,,1
5218931.6976141915,2020-12-04,6,16,desktop,google,organic,21.0,2,1,7,0,2,0,0,0
4327054.6013924240,2020-12-04,6,17,desktop,google,organic,51.0,3,3,29,4,8,0,1,0
4225728.0151759118,2020-12-04,6,19,desktop,google,organic,50.0,3,1,29,0,4,0,0,1
7800727.3747729952,2020-12-04,6,13,desktop,google,organic,14.0,1,1,10,2,2,0,0,0
14852669.9791388097,2020-12-04,6,1,desktop,google,organic,82.0,7,3,64,18,2,0,2,0
7184503.5694706863,2020-12-04,6,22,desktop,google,organic,16.0,1,1,2,0,4,0,0,0
27314189.0356814830,2020-12-04,6,16,desktop,google,organic,194.0,18,1,112,27,3,0,,1
11464749.3857585224,2020-12-04,6,5,desktop,google,organic,30.0,1,3,14,6,2,0,2,0
4708662.4152953682,2020-12-04,6,16,desktop,google,organic,88.0,2,1,6,4,2,0,0,0
15702700.6482035586,2020-12-04,6,5,desktop,google,organic,28.0,1,3,10,4,6,0,15,0
2237956.5050268893,2020-12-05,7,14,desktop,google,organic,34.0,2,2,20,16,4,0,0,0
5910494.8390942821,2020-12-05,7,13,desktop,google,organic,109.0,13,2,43,14,2,0,1,0
1954165.1829780175,2020-12-05,7,8,desktop,google,organic,22.0,1,1,4,0,2,0,0,0
61639621.2489023125,2020-12-05,7,8,desktop,google,organic,48.0,2,2,9,7,2,0,1,0
5776696.8626570449,2020-12-05,7,0,desktop,google,organic,236.0,15,8,33,2,5,0,23,0
5762284.1219633284,2020-12-05,7,5,desktop,google,organic,141.0,12,2,10,2,4,2,0,0
63443649.8962444427,2020-12-05,7,0,desktop,google,organic,44.0,1,1,8,14,2,0,0,0
4961808.5193881345,2020-12-05,7,7,desktop,google,organic,53.0,3,1,9,10,2,0,0,0
4491618.5629278395,2020-12-05,7,1,desktop,google,organic,86.0,20,1,5,3,10,0,0,0
67141422.4526868236,2020-12-05,7,8,desktop,google,organic,14.0,1,3,8,5,2,2,10,0
55981424.7122207341,2020-12-05,7,14,desktop,google,organic,21.0,2,1,33,8,4,0,0,0
5086084.2046303089,2020-12-05,7,17,desktop,google,organic,138.0,7,2,75,5,16,0,0,0
40865346.7588861188,2020-12-05,7,2,desktop,google,organic,16.0,2,7,14,4,4,0,,0
6098526.5113266309,2020-12-06,1,2,desktop,google,organic,118.0,6,1,15,6,2,0,0,0
8870320.8143746417,2020-12-06,1,2,desktop,google,organic,49.0,2,1,46,0,4,0,0,0
3632663.7723787409,2020-12-06,1,11,desktop,google,organic,46.0,1,1,6,6,2,0,0,1
5375602.5787042833,2020-12-06,1,7,desktop,google,organic,25.0,1,1,2,1,2,0,0,0
64742452.6990095471,2020-12-06,1,8,desktop,<Other>,organic,89.0,1,1,3,0,4,0,0,0
3088496.7260661913,2020-12-06,1,15,desktop,google,organic,52.0,2,3,34,4,4,2,2,0
2583761.2257677610,2020-12-07,2,8,desktop,<Other>,organic,119.0,6,4,34,9,8,0,16,0
66888229.7531203853,2020-12-07,2,7,desktop,google,organic,154.0,4,4,2,0,6,0,2,0
88483035.1457878746,2020-12-07,2,9,desktop,google,organic,159.0,6,6,81,0,2,0,18,0
3833171.6184728360,2020-12-07,2,2,desktop,<Other>,organic,417.0,22,3,36,0,2,0,,1
11495471.0749512812,2020-12-07,2,9,desktop,google,organic,291.0,15,1,43,6,2,2,0,1
27529375.1021066476,2020-12-07,2,16,desktop,google,organic,147.0,6,1,28,0,2,0,0,0
6822684.1627482502,2020-12-07,2,7,desktop,google,organic,671.0,11,5,34,7,6,0,14,0
44050879.9039342218,2020-12-08,3,13,desktop,google,organic,72.0,2,1,2,4,2,0,0,0
2504014.4277661262,2020-12-08,3,4,desktop,google,organic,16.0,1,4,7,0,2,1,5,0
66793226.8520233559,2020-12-08,3,16,desktop,google,organic,70.0,4,1,46,7,2,0,0,0
5929298.3495046149,2020-12-08,3,11,desktop,google,organic,40.0,1,1,6,0,2,0,0,0
5761971471.2167723492,2020-12-08,3,8,desktop,google,organic,63.0,15,3,31,14,6,0,20,0
5118314977.7329883809,2020-12-08,3,23,desktop,<Other>,organic,42.0,3,4,135,5,2,0,9,0
8755294.0883074326,2020-12-08,3,4,desktop,google,organic,29.0,2,2,44,26,2,0,26,0
4807476.3324701251,2020-12-08,3,10,desktop,google,organic,16.0,2,1,8,1,6,3,0,0
15957353.1002579110,2020-12-08,3,16,desktop,google,organic,24.0,30,2,3,0,4,0,5,0
24897762.0454201456,2020-12-08,3,9,desktop,<Other>,organic,17.0,1,1,1,1,4,0,0,0
8231820.2044663288,2020-12-08,3,0,desktop,google,organic,30.0,1,1,1,2,2,0,0,0
80060316.2715878645,2020-12-08,3,17,desktop,google,organic,50.0,7,1,23,12,2,0,0,0
3723940.1709320867,2020-12-09,4,16,desktop,google,organic,24.0,2,1,64,0,4,0,0,0
28872668.2787464461,2020-12-09,4,10,desktop,google,organic,22.0,3,2,7,3,4,0,0,0
6614915.9778990786,2020-12-09,4,1,desktop,google,organic,87.0,29,1,10,3,6,0,0,0
37788537.8066322578,2020-12-09,4,21,desktop,google,organic,54.0,8,1,10,10,2,0,0,0
32916395.5650273385,2020-12-09,4,17,desktop,google,organic,58.0,1,1,1,0,6,0,0,0
7945395.8197113765,2020-12-09,4,11,desktop,google,organic,72.0,2,1,6,8,4,2,0,0
6354182.0340556014,2020-12-09,4,11,desktop,google,organic,16.0,1,2,17,2,6,0,29,0
18210686.3272655150,2020-12-09,4,3,desktop,google,organic,551.0,46,1,28,12,2,0,0,0
53066733.3024849807,2020-12-09,4,13,desktop,<Other>,organic,64.0,6,2,11,12,6,0,0,0
1623303.0112065155,2020-12-09,4,9,desktop,google,organic,50.0,4,2,47,8,8,4,0,0
76769290.7382777741,2020-12-09,4,1,desktop,google,organic,120.0,11,2,69,34,4,0,18,0
7616254.5240355876,2020-12-09,4,10,desktop,google,organic,22.0,2,1,24,8,2,1,0,0
120213587.8623308554,2020-12-09,4,19,desktop,google,organic,38.0,3,5,29,5,8,0,1,0
5810898.6934583450,2020-12-09,4,5,desktop,google,organic,76.0,2,2,36,9,12,0,0,0
6195712.5561534807,2020-12-09,4,10,desktop,google,organic,88.0,3,1,7,8,2,0,0,1
33063796.1679893984,2020-12-09,4,10,desktop,<Other>,organic,176.0,12,1,39,25,4,0,0,0
4773984.3495123536,2020-12-09,4,18,desktop,google,organic,86.0,9,1,23,3,2,0,0,0
3589790.3119302179,2020-12-09,4,12,desktop,google,organic,104.0,7,1,42,20,2,0,0,0
56113189.2026367185,2020-12-09,4,19,desktop,google,organic,32.0,1,5,37,0,2,0,,0
24438494.0879270947,2020-12-09,4,21,desktop,google,organic,18.0,2,3,12,2,2,0,0,0
5187937.6738524538,2020-12-09,4,1,desktop,google,organic,22.0,1,1,2,0,12,0,0,0
7581468.6871965622,2020-12-09,4,14,desktop,google,organic,70.0,2,2,7,1,2,0,0,0
1482920.5399544265,2020-12-09,4,11,desktop,<Other>,organic,13.0,1,1,3,0,8,0,0,0
7848612.5364146017,2020-12-09,4,3,desktop,google,organic,81.0,2,1,3,0,4,0,0,0
7162398.2588038279,2020-12-09,4,1,desktop,google,organic,42.0,3,2,16,5,2,0,0,0
3112347.1388526373,2020-12-10,5,5,desktop,google,organic,37.0,2,6,91,5,8,0,37,0
22419726.6739298007,2020-12-10,5,0,desktop,google,organic,92.0,2,1,2,1,2,0,0,0
11394862.3475151142,2020-12-10,5,10,desktop,google,organic,129.0,3,1,6,3,4,1,0,0
6176511.0161757198,2020-12-10,5,22,desktop,google,organic,175.0,15,6,66,22,8,2,,0
7752642.5155419861,2020-12-10,5,4,desktop,google,organic,49.0,10,1,16,8,2,1,0,0
8182020.1465119607,2020-12-10,5,21,desktop,google,organic,10.0,1,3,6,1,8,0,3,0
65958191.5856647416,2020-12-10,5,14,desktop,google,organic,44.0,1,1,3,3,2,0,0,0
4496984646.3938240261,2020-12-10,5,12,desktop,google,organic,39.0,4,5,9,6,12,4,21,0
3274035.7886971888,2020-12-10,5,0,desktop,google,organic,94.0,10,7,35,12,2,0,25,0
7477637.2776014049,2020-12-10,5,11,desktop,google,organic,78.0,5,3,33,2,12,0,1,1
25641126.8268292253,2020-12-10,5,0,desktop,google,organic,40.0,4,2,44,25,4,0,0,0
2265258.0325769455,2020-12-10,5,18,desktop,<Other>,organic,60.0,2,1,5,2,4,0,0,0
59044937.5350894136,2020-12-10,5,22,desktop,google,organic,80.0,4,1,13,1,4,0,0,0
66893006.1942990677,2020-12-10,5,18,desktop,google,organic,32.0,1,2,13,13,4,0,1,0
7859149.7466935504,2020-12-10,5,6,desktop,google,organic,42.0,6,5,30,7,4,0,,0
3285600.5439399395,2020-12-10,5,11,desktop,google,organic,125.0,15,1,25,19,2,0,0,0
8692137.5304436767,2020-12-10,5,11,desktop,google,organic,8.0,1,12,21,0,6,0,26,0
8318901.1862922120,2020-12-10,5,13,desktop,google,organic,42.0,2,5,38,7,8,0,1,0
4070503.9473605760,2020-12-10,5,21,desktop,google,organic,173.0,30,4,19,17,12,0,1,0
3306425.6784890438,2020-12-11,6,8,desktop,google,organic,25.0,3,1,13,0,4,1,0,0
2922359.8678257138,2020-12-11,6,23,desktop,google,organic,96.0,10,4,59,16,2,0,24,0
1602466.3255340626,2020-12-11,6,19,desktop,google,organic,10.0,1,2,3,1,4,1,,0
51153409.8050128631,2020-12-11,6,17,desktop,google,organic,90.0,2,1,0,0,10,0,0,1
1280111349.1479378569,2020-12-11,6,0,desktop,google,organic,66.0,4,2,38,8,2,1,1,0
2887992.0327461909,2020-12-11,6,21,desktop,google,organic,29.0,7,1,13,5,2,0,0,0
86449111.4441730986,2020-12-11,6,0,desktop,<Other>,organic,17.0,1,1,7,3,6,0,0,0
6414647.4737074407,2020-12-11,6,3,desktop,google,organic,57.0,6,2,16,7,4,0,,1
2408620.3153034500,2020-12-11,6,4,desktop,google,organic,37.0,2,2,18,8,4,0,0,0
30920625.0665076655,2020-12-11,6,21,desktop,<Other>,organic,54.0,2,2,16,19,4,0,0,0
1890178.6076718573,2020-12-11,6,14,desktop,google,organic,32.0,1,1,9,0,2,0,0,0
6975966.3912289420,2020-12-11,6,16,desktop,google,organic,22.0,1,1,6,1,4,0,0,0
6366425.0368202562,2020-12-11,6,22,desktop,google,organic,11.0,2,6,10,8,2,0,4,0
78626176.1558518743,2020-12-11,6,22,desktop,google,organic,52.0,2,2,16,16,6,0,0,0
5469438.4165905723,2020-12-11,6,4,desktop,google,organic,61.0,2,1,11,5,2,0,0,0
2865598.3084956057,2020-12-11,6,5,desktop,google,organic,48.0,1,7,14,0,2,0,,0
23842696.8053963370,2020-12-11,6,9,desktop,google,organic,39.0,3,4,62,5,14,0,3,0
57813325.3678451216,2020-12-11,6,19,desktop,google,organic,82.0,6,1,15,15,4,0,0,0
1765130.1889939374,2020-12-11,6,9,desktop,google,organic,40.0,5,1,5,5,2,3,0,0
66762101.4386648630,2020-12-11,6,15,desktop,google,organic,96.0,1,1,4,0,2,0,0,0
71736009.2610297967,2020-12-11,6,5,desktop,<Other>,organic,16.0,1,4,3,1,2,0,1,0
7132082.9139478677,2020-12-11,6,15,desktop,google,organic,75.0,2,1,2,2,4,0,0,1
36269808.1408960379,2020-12-12,7,22,desktop,google,organic,144.0,8,3,17,5,6,0,,0
3880842.7234357285,2020-12-12,7,17,desktop,<Other>,organic,90.0,6,1,12,8,2,0,0,0
1774459.5444377617,2020-12-12,7,1,desktop,google,organic,45.0,4,1,12,10,2,3,0,0
5976309.6254162175,2020-12-12,7,5,desktop,google,organic,18.0,1,1,1,0,2,0,0,0
2828935.7139974273,2020-12-12,7,8,desktop,google,organic,45.0,4,5,46,20,4,0,1,0
83794944.2381968800,2020-12-12,7,7,desktop,google,organic,40.0,4,1,33,24,8,0,0,0
3324563.2508640633,2020-12-12,7,2,desktop,google,organic,48.0,1,2,3,2,2,0,15,0
84648306.3969263834,2020-12-12,7,2,desktop,google,organic,38.0,2,3,17,6,6,0,37,0
22569812.5704867046,2020-12-12,7,7,desktop,google,organic,11.0,3,2,2,3,2,0,0,0
56625395.7315960485,2020-12-12,7,3,desktop,google,organic,81.0,3,4,17,19,8,0,9,0
37277680.8900385204,2020-12-12,7,14,desktop,google,organic,25.0,1,1,7,4,6,0,0,0
8608966.1893326710,2020-12-12,7,6,desktop,google,organic,79.0,1,2,9,1,2,0,1,0
3667408.0384265629,2020-12-12,7,1,desktop,google,organic,48.0,1,1,6,1,4,0,0,0
73251245.3210161348,2020-12-12,7,8,desktop,google,organic,10.0,1,3,4,1,2,0,12,0
53132817.7758017210,2020-12-12,7,12,desktop,google,organic,71.0,4,1,18,18,2,0,0,0
1052855.9145777052,2020-12-12,7,7,desktop,google,organic,173.0,10,3,67,2,2,0,22,0
2648776.9321137817,2020-12-12,7,9,desktop,google,organic,21.0,2,2,2,2,4,0,0,0
36692735.3914903406,2020-12-12,7,5,desktop,google,organic,58.0,2,4,8,13,4,1,2,0
8673800.8985723616,2020-12-13,1,3,desktop,google,organic,342.0,18,2,31,31,6,0,,0
8514502.1927548910,2020-12-13,1,15,desktop,google,organic,72.0,6,2,4,2,2,0,0,0
2197076402.0652907930,2020-12-13,1,19,desktop,<Other>,organic,54.0,2,3,21,22,2,0,3,0
12916310.0404298738,2020-12-13,1,22,desktop,google,organic,227.0,22,4,41,40,12,1,20,0
69289177.2712829976,2020-12-13,1,20,desktop,google,organic,75.0,3,1,17,1,2,0,0,0
45307195.4778895431,2020-12-13,1,7,desktop,google,organic,92.0,2,1,2,2,2,0,0,0
2516229.6115027745,2020-12-13,1,17,desktop,google,organic,67.0,2,1,7,5,4,0,0,0
8652924.8665305102,2020-12-13,1,11,desktop,google,organic,41.0,3,6,5,4,4,0,31,0
3008670.3250240015,2020-12-13,1,4,desktop,google,organic,73.0,2,1,20,7,2,0,0,0
8957437.5212346812,2020-12-13,1,18,desktop,google,organic,6.0,2,1,3,2,4,0,0,0
3060968189.0797537444,2020-12-13,1,23,desktop,google,organic,82.0,9,1,21,7,2,0,0,0
76048408.3088751594,2020-12-14,2,0,desktop,google,organic,13.0,1,1,1,2,4,0,0,0
2009963.7195385463,2020-12-14,2,4,desktop,google,organic,13.0,2,1,2,2,2,0,0,0
2175065.2192239255,2020-12-14,2,14,desktop,google,organic,25.0,5,3,14,12,4,0,5,0
7375268.6519816106,2020-12-14,2,15,desktop,google,organic,28.0,3,1,3,3,8,0,0,0
9202387.7945688007,2020-12-14,2,8,desktop,google,organic,96.0,1,2,18,0,8,0,5,0
81036435.1157569602,2020-12-14,2,14,desktop,google,organic,1530.0,128,9,75,3,20,2,,0
6509345.0221361040,2020-12-14,2,11,desktop,google,organic,57.0,6,1,14,18,4,0,0,0
51216998.9738761037,2020-12-15,3,4,desktop,google,organic,242.0,8,4,47,10,2,0,27,0
12918996.0504047773,2020-12-15,3,6,desktop,google,organic,83.0,5,3,62,6,8,0,0,0
7900127.6292792546,2020-12-15,3,10,desktop,<Other>,organic,76.0,2,1,13,13,6,1,0,0
27071010.1715411752,2020-12-15,3,13,desktop,google,organic,525.0,46,3,28,6,8,0,27,0
1919550.7510296150,2020-12-15,3,0,desktop,google,organic,90.0,7,1,51,40,2,0,0,0
35699842.0182681912,2020-12-15,3,8,desktop,google,organic,169.0,3,7,16,12,2,1,14,0
56475484.4233223230,2020-12-15,3,20,desktop,google,organic,58.0,4,1,35,1,2,0,0,0
76647866.4324085605,2020-12-15,3,14,desktop,google,organic,80.0,7,4,14,6,12,0,1,0
1750371.7249808647,2020-12-15,3,21,desktop,google,organic,79.0,4,2,38,11,4,0,0,0
90983663.7411503217,2020-12-15,3,21,desktop,google,organic,28.0,5,1,13,8,2,0,0,0
5731385.0118976085,2020-12-15,3,19,desktop,google,organic,86.0,5,1,26,28,4,0,0,0
4791333.8597888638,2020-12-15,3,18,desktop,google,organic,40.0,2,4,17,6,2,0,36,0
81507474.7124670126,2020-12-15,3,3,desktop,google,organic,38.0,3,2,21,7,6,0,,1
7022586.5745594604,2020-12-15,3,14,desktop,google,organic,38.0,1,4,5,0,2,0,1,0
60554403.6518704294,2020-12-15,3,13,desktop,google,organic,79.0,1,1,0,0,4,0,0,0
8083450.3844124226,2020-12-15,3,14,desktop,google,organic,128.0,2,7,52,0,12,14,5,1
6188604028.5732045441,2020-12-15,3,16,desktop,google,organic,30.0,1,1,2,0,2,0,0,0
67176331.9443014432,2020-12-15,3,12,desktop,google,organic,48.0,2,1,21,15,2,0,,0
1162127.7258009994,2020-12-15,3,8,desktop,google,organic,108.0,3,4,45,13,2,2,0,0
31450884.9129417592,2020-12-16,4,0,desktop,google,organic,23.0,1,1,23,0,2,0,0,1
81093232.4306802216,2020-12-16,4,20,desktop,google,organic,112.0,27,5,64,66,4,0,0,0
6936674.0598239525,2020-12-16,4,12,desktop,google,organic,25.0,3,1,11,6,2,0,0,0
11323811.0415184273,2020-12-16,4,5,desktop,google,organic,11.0,1,8,20,0,4,0,4,1
5766379.6658996628,2020-12-16,4,0,desktop,google,organic,600.0,50,5,43,10,10,0,5,0
50183692.6751135595,2020-12-16,4,12,desktop,google,organic,167.0,2,1,5,1,2,0,0,0
8156015.0433362204,2020-12-16,4,20,desktop,<Other>,organic,138.0,27,3,81,32,4,0,0,1
8526613234.8674806597,2020-12-16,4,18,desktop,google,organic,76.0,9,1,7,5,8,0,0,0
16452090.3561030142,2020-12-16,4,18,desktop,google,organic,68.0,3,1,24,0,4,2,0,0
18340222.5020006403,2020-12-16,4,4,desktop,google,organic,47.0,2,1,27,4,2,0,0,0
5645225.6917653454,2020-12-16,4,6,desktop,google,organic,127.0,3,5,31,19,46,0,13,1
71285854.2587994288,2020-12-16,4,19,desktop,google,organic,74.0,2,2,3,0,2,0,6,0
3315775.4887916908,2020-12-17,5,18,desktop,google,organic,61.0,1,1,25,3,9,0,0,0
47320569.5663739973,2020-12-17,5,7,desktop,google,organic,194.0,34,1,60,46,4,0,,0
69753949.4679403396,2020-12-17,5,20,desktop,google,organic,50.0,5,2,16,4,2,0,33,0
78740849.5845768330,2020-12-17,5,22,desktop,google,organic,24.0,1,1,3,1,2,0,0,0
61367617.5801864153,2020-12-17,5,13,desktop,google,organic,26.0,2,1,3,4,2,2,0,0
7549801319.6083086386,2020-12-17,5,5,desktop,google,organic,27.0,2,4,13,0,4,0,2,0
4645081.6751269573,2020-12-17,5,9,desktop,google,organic,33.0,2,1,6,6,2,0,0,0
33738162.6871557290,2020-12-17,5,3,desktop,google,organic,30.0,4,7,28,4,11,2,,0
4366554.6078100134,2020-12-17,5,15,desktop,google,organic,34.0,3,5,28,13,3,0,,1
83122453.5394732985,2020-12-17,5,18,desktop,google,organic,37.0,6,2,11,5,9,0,0,1
5849526.6650530231,2020-12-17,5,19,desktop,google,organic,34.0,2,1,22,2,6,0,0,0
3992214.0329365184,2020-12-17,5,17,desktop,google,organic,33.0,2,1,6,7,6,3,0,0
3412220.6161181119,2020-12-17,5,21,desktop,google,organic,21.0,2,1,101,0,9,1,0,0
4396894.6112781516,2020-12-17,5,16,desktop,google,organic,68.0,4,10,109,2,10,10,30,1
7863708.5056381393,2020-12-17,5,5,desktop,<Other>,organic,34.0,5,1,4,0,14,0,0,0
53989140.2218322723,2020-12-18,6,17,desktop,google,organic,14.0,1,2,6,0,18,0,0,1
12852776.3686074468,2020-12-18,6,22,desktop,google,organic,193.0,17,5,99,0,6,0,14,0
53418806.5482216471,2020-12-18,6,10,desktop,google,organic,49.0,2,6,6,3,6,0,15,1
52691175.7181665075,2020-12-18,6,19,desktop,google,organic,24.0,1,1,1,1,3,0,0,0
42437353.0009009717,2020-12-18,6,10,desktop,google,organic,18.0,1,4,6,0,6,0,0,0
34613058.0872685890,2020-12-18,6,13,desktop,google,organic,152.0,7,7,79,15,3,0,,0
7794073.9916956251,2020-12-18,6,19,desktop,google,organic,16.0,1,2,5,0,6,0,8,1
50640660.9007425824,2020-12-18,6,8,desktop,google,organic,99.0,5,1,11,10,12,10,0,0
7295755.2837047873,2020-12-18,6,2,desktop,google,organic,32.0,2,3,20,0,8,0,0,0
32220426.7266826946,2020-12-18,6,12,desktop,google,organic,33.0,2,1,2,3,12,0,0,0
11945447.0918586260,2020-12-19,7,21,desktop,google,organic,7.0,1,1,2,0,3,0,0,0
8536857.0920789613,2020-12-19,7,7,desktop,google,organic,61.0,1,1,16,12,6,0,0,1
1583669.4669902363,2020-12-19,7,10,desktop,google,organic,46.0,4,1,27,1,15,0,0,0
86253338.5702333040,2020-12-19,7,0,desktop,google,organic,14.0,1,7,44,7,21,1,4,1
15894992.4328529401,2020-12-19,7,18,desktop,google,organic,63.0,5,1,26,14,6,0,0,0
37493575.0376020341,2020-12-19,7,5,desktop,google,organic,21.0,1,3,13,7,3,2,45,0
7087497059.2441082427,2020-12-19,7,5,desktop,google,organic,86.0,4,7,15,5,9,0,,0
3462101.1320245746,2020-12-20,1,6,desktop,google,organic,40.0,2,2,3,2,3,0,7,0
62921407.7385261228,2020-12-20,1,18,desktop,google,organic,282.0,4,1,4,0,3,0,0,0
73427198.7537900210,2020-12-20,1,16,desktop,google,organic,314.0,17,3,68,29,6,0,9,0
5117578.4667811771,2020-12-20,1,10,desktop,google,organic,34.0,6,4,77,28,9,0,43,0
58454116.2497862183,2020-12-20,1,5,desktop,google,organic,64.0,3,1,15,12,6,0,0,0
26519562.2001786042,2020-12-21,2,15,desktop,<Other>,organic,37.0,19,1,31,6,6,0,0,1
2357729.7337895516,2020-12-21,2,0,desktop,<Other>,organic,41.0,7,6,20,2,6,1,2,0
3701512.7921503812,2020-12-21,2,0,desktop,google,organic,6.0,2,1,2,5,6,0,0,1
40499246.5701945231,2020-12-21,2,16,desktop,google,organic,25.0,1,1,3,2,6,0,0,0
3398852635.9428651409,2020-12-21,2,22,desktop,google,organic,20.0,1,1,5,0,3,0,0,0
88839607.3955437015,2020-12-21,2,13,desktop,google,organic,34.0,3,2,22,7,6,0,,0
32154989.6806202027,2020-12-21,2,14,desktop,<Other>,organic,12.0,1,1,1,1,3,0,0,0
5290414.1717903521,2020-12-22,3,16,desktop,google,organic,30.0,1,6,42,5,3,0,6,0
44227277.9722264913,2020-12-22,3,1,desktop,google,organic,11.0,1,1,1,2,6,0,0,0
61993137.2687500012,2020-12-22,3,16,desktop,google,organic,30.0,4,1,36,16,9,0,0,0
54416199.2185558214,2020-12-22,3,15,desktop,google,organic,30.0,1,1,12,1,6,0,,0
54901301.9847897724,2020-12-22,3,8,desktop,google,organic,50.0,11,1,48,33,6,0,0,0
55676797.5021268334,2020-12-22,3,2,desktop,google,organic,60.0,1,2,19,0,9,0,,0
65308915.4516936442,2020-12-23,4,21,desktop,google,organic,54.0,4,1,45,17,9,0,0,0
90591201.2047859379,2020-12-23,4,2,desktop,google,organic,22.0,2,1,1,2,9,0,0,1
20718298.6808598428,2020-12-23,4,12,desktop,google,organic,74.0,2,2,7,0,6,0,2,0
7483078.1076858608,2020-12-23,4,16,desktop,google,organic,67.0,4,1,9,4,3,0,0,0
8321530.6782220255,2020-12-23,4,22,desktop,<Other>,organic,42.0,3,8,49,3,11,0,,0
6314967.8772173324,2020-12-23,4,8,desktop,google,organic,54.0,2,3,15,0,9,0,,0
86349088.9137602844,2020-12-23,4,22,desktop,google,organic,19.0,2,3,7,4,6,7,9,0
29930506.5218532120,2020-12-23,4,20,desktop,google,organic,142.0,3,1,24,26,3,0,0,0
23329127.3308417947,2020-12-24,5,20,desktop,google,organic,99.0,1,1,6,0,6,0,0,0
40980474.3890528687,2020-12-25,6,13,desktop,google,organic,32.0,1,1,5,2,12,0,0,0
12213703.3562085871,2020-12-25,6,3,desktop,google,organic,44.0,1,1,2,2,6,1,,0
45048252.2420963640,2020-12-25,6,3,desktop,<Other>,organic,91.0,8,1,21,1,6,0,0,0
4977139.8804366424,2020-12-25,6,19,desktop,google,organic,32.0,1,1,5,0,3,0,0,0
52926719.9136345792,2020-12-26,7,8,desktop,google,organic,146.0,6,1,22,2,6,0,0,0
89390038.6968892645,2020-12-26,7,5,desktop,google,organic,32.0,2,1,7,4,3,0,0,0
79080724.0148001328,2020-12-26,7,18,desktop,<Other>,organic,67.0,2,1,16,8,6,0,0,0
5805017.6522131594,2020-11-12,5,2,desktop,shop.googlemerchandisestore.com,referral,117.0,5,1,21,0,1,0,,1
8698666737.1710911998,2020-11-12,5,7,desktop,<Other>,referral,78.0,2,1,5,0,2,0,,0
5299488.0522490006,2020-11-12,5,18,desktop,<Other>,referral,44.0,1,3,32,0,4,1,,0
26952918.6605768312,2020-11-12,5,21,desktop,shop.googlemerchandisestore.com,referral,25.0,1,1,13,0,2,0,0,0
7461331.4499994836,2020-11-12,5,23,desktop,shop.googlemerchandisestore.com,referral,42.0,1,1,0,0,2,1,,1
47064948.1011270917,2020-11-12,5,2,desktop,shop.googlemerchandisestore.com,referral,54.0,9,1,52,0,12,0,,0
2840146.1505910825,2020-11-12,5,2,desktop,shop.googlemerchandisestore.com,referral,30.0,1,2,13,0,2,0,,0
7864799.8818189964,2020-11-12,5,5,desktop,shop.googlemerchandisestore.com,referral,50.0,6,3,31,0,1,0,0,0
1808232.5654454206,2020-11-12,5,2,desktop,<Other>,referral,46.0,1,2,1,0,1,4,,0
22973713.0783608415,2020-11-12,5,20,desktop,shop.googlemerchandisestore.com,referral,120.0,3,1,6,0,2,0,,0
4926862.7997021695,2020-11-13,6,3,desktop,<Other>,referral,50.0,2,2,55,0,7,0,0,0
7913379764.4006544425,2020-11-13,6,9,desktop,shop.googlemerchandisestore.com,referral,28.0,2,3,22,0,2,1,,0
2414762.3155087525,2020-11-13,6,3,desktop,<Other>,referral,79.0,2,2,7,0,1,0,0,0
78574452.5051085059,2020-11-13,6,13,desktop,shop.googlemerchandisestore.com,referral,35.0,2,1,11,0,6,0,,0
8611828.2907648280,2020-11-13,6,20,desktop,shop.googlemerchandisestore.com,referral,55.0,1,2,3,0,4,0,0,0
18663613.9337289544,2020-11-13,6,23,desktop,shop.googlemerchandisestore.com,referral,32.0,1,3,17,0,4,0,,0
3392018.9796964611,2020-11-13,6,16,desktop,<Other>,referral,14.0,1,6,24,0,2,0,,1
1908131629.6568085434,2020-11-13,6,7,desktop,<Other>,referral,100.0,14,2,50,0,2,2,4,0
71563215.6886463640,2020-11-13,6,6,desktop,<Other>,referral,288.0,12,4,8,0,6,0,,0
1686049.6825406467,2020-11-14,7,5,desktop,<Other>,referral,48.0,1,2,5,0,4,0,0,0
4793087.3513596462,2020-11-14,7,3,desktop,shop.googlemerchandisestore.com,referral,30.0,2,1,3,0,2,4,,0
5945718.9383173023,2020-11-14,7,17,desktop,<Other>,referral,354.0,12,3,65,0,2,0,,0
58202770.9352561653,2020-11-14,7,16,desktop,shop.googlemerchandisestore.com,referral,92.0,1,2,1,0,2,1,,0
50234006.7156805216,2020-11-14,7,14,desktop,<Other>,referral,67.0,3,1,21,0,2,1,0,0
8245686.1133438238,2020-11-15,1,15,desktop,<Other>,referral,14.0,1,3,10,0,3,0,5,0
74795146.0535576826,2020-11-15,1,10,desktop,shop.googlemerchandisestore.com,referral,46.0,5,1,19,0,4,0,0,0
8863355.4914234319,2020-11-15,1,8,desktop,<Other>,referral,70.0,3,4,25,0,5,0,10,0
5951503.2830867633,2020-11-16,2,0,desktop,shop.googlemerchandisestore.com,referral,26.0,15,3,12,0,4,0,1,0
79964492.7086086150,2020-11-16,2,18,desktop,<Other>,referral,63.0,1,7,31,0,7,1,6,0
4650505.5425107709,2020-11-16,2,10,desktop,<Other>,referral,6.0,2,1,2,0,8,0,0,0
5633735326.3489844334,2020-11-16,2,17,desktop,shop.googlemerchandisestore.com,referral,46.0,5,1,9,0,2,0,,0
1720059.7980376290,2020-11-17,3,2,desktop,shop.googlemerchandisestore.com,referral,96.0,1,5,38,7,10,0,,0
1336541.8089767254,2020-11-17,3,4,desktop,shop.googlemerchandisestore.com,referral,20.0,3,2,1,0,8,0,0,1
7195542.3513817232,2020-11-17,3,2,desktop,shop.googlemerchandisestore.com,referral,24.0,1,1,4,0,4,0,,1
49777952.2680869968,2020-11-17,3,20,desktop,shop.googlemerchandisestore.com,referral,188.0,30,8,78,12,2,2,15,0
87783631.7181333086,2020-11-17,3,10,desktop,<Other>,referral,30.0,1,2,13,1,2,0,5,0
35449521.7467347527,2020-11-17,3,21,desktop,shop.googlemerchandisestore.com,referral,26.0,3,1,3,3,2,0,0,0
2708313.8991739258,2020-11-17,3,16,desktop,shop.googlemerchandisestore.com,referral,89.0,4,1,26,6,4,0,0,0
85065615.9182483522,2020-11-17,3,19,desktop,<Other>,referral,74.0,3,1,4,0,2,0,,0
29578272.7881196478,2020-11-17,3,11,desktop,<Other>,referral,35.0,2,1,5,0,2,1,0,0
7890615.0225530592,2020-11-17,3,18,desktop,shop.googlemerchandisestore.com,referral,109.0,9,2,17,10,1,6,,0
8706769250.9838749927,2020-11-17,3,3,desktop,shop.googlemerchandisestore.com,referral,62.0,2,3,34,0,4,0,,0
7028601.6018983018,2020-11-17,3,15,desktop,<Other>,referral,98.0,9,4,31,7,2,0,7,0
8798966.0388484094,2020-11-17,3,8,desktop,shop.googlemerchandisestore.com,referral,24.0,1,1,2,0,8,0,,0
34360015.5039813275,2020-11-17,3,16,desktop,<Other>,referral,37.0,6,4,22,4,2,5,3,0
73039691.3592091634,2020-11-18,4,2,desktop,<Other>,referral,67.0,40,1,5,1,4,0,0,1
45732822.6958771748,2020-11-18,4,11,desktop,<Other>,referral,514.0,71,1,136,27,14,0,0,0
6006535.5168372354,2020-11-18,4,11,desktop,<Other>,referral,44.0,1,3,5,1,3,1,,0
12344534.0893063989,2020-11-18,4,3,desktop,<Other>,referral,115.0,6,1,23,0,1,1,0,0
41434088.5731372054,2020-11-18,4,11,desktop,shop.googlemerchandisestore.com,referral,5.0,1,3,16,6,4,0,,0
6603816.5140292624,2020-11-19,5,8,desktop,shop.googlemerchandisestore.com,referral,33.0,2,1,16,0,2,0,,0
91330895.7800746773,2020-11-19,5,15,desktop,shop.googlemerchandisestore.com,referral,20.0,1,4,19,0,5,0,,0
5407612.3141758192,2020-11-19,5,12,desktop,shop.googlemerchandisestore.com,referral,32.0,1,6,16,0,3,0,,0
77977630.2926457730,2020-11-19,5,2,desktop,<Other>,referral,46.0,3,2,17,0,2,0,0,0
1706011.8461395358,2020-11-19,5,14,desktop,shop.googlemerchandisestore.com,referral,15.0,4,4,49,0,10,0,0,1
4789616.5651606218,2020-11-19,5,1,desktop,<Other>,referral,50.0,3,9,69,0,5,0,8,0
82616163.0426166700,2020-11-19,5,0,desktop,<Other>,referral,88.0,2,2,3,0,1,0,8,0
81335886.8473727587,2020-11-19,5,10,desktop,<Other>,referral,168.0,4,3,7,0,5,0,8,0
4977232.4990575638,2020-11-20,6,1,desktop,shop.googlemerchandisestore.com,referral,17.0,1,1,8,0,4,0,0,0
7158462.4817271255,2020-11-20,6,3,desktop,<Other>,referral,19.0,3,1,8,0,3,0,0,0
38420537.7216639441,2020-11-20,6,13,desktop,shop.googlemerchandisestore.com,referral,177.0,8,7,44,0,3,8,1,0
8348184265.5640136978,2020-11-20,6,5,desktop,shop.googlemerchandisestore.com,referral,8.0,5,1,18,0,6,0,,0
26064119.0281069258,2020-11-20,6,0,desktop,<Other>,referral,339.0,7,1,16,0,3,0,0,0
41474740.1017155695,2020-11-21,7,3,desktop,<Other>,referral,452.0,34,1,15,0,2,0,0,0
54050361.8478898304,2020-11-21,7,6,desktop,shop.googlemerchandisestore.com,referral,34.0,2,4,16,0,2,5,2,0
18977884.9487126016,2020-11-21,7,3,desktop,<Other>,referral,70.0,3,1,12,0,1,0,0,0
4231038.0723891741,2020-11-21,7,7,desktop,<Other>,referral,60.0,3,4,28,0,2,1,,1
1052482.1904194731,2020-11-21,7,7,desktop,<Other>,referral,64.0,3,1,12,0,4,0,0,0
72370889.4274312461,2020-11-21,7,9,desktop,<Other>,referral,42.0,4,1,14,0,2,0,0,0
80312544.1441597452,2020-11-21,7,4,desktop,<Other>,referral,47.0,3,1,11,0,2,0,0,0
62245069.7842050254,2020-11-22,1,9,desktop,shop.googlemerchandisestore.com,referral,33.0,2,3,3,0,5,0,,0
3282203.4038192177,2020-11-22,1,17,desktop,shop.googlemerchandisestore.com,referral,176.0,4,1,3,0,1,0,0,0
1767608.5293832909,2020-11-22,1,13,desktop,<Other>,referral,26.0,2,1,6,0,1,0,,0
22876548.9702869375,2020-11-22,1,14,desktop,shop.googlemerchandisestore.com,referral,29.0,2,3,26,0,6,0,19,0
33534334.2982237665,2020-11-23,2,23,desktop,<Other>,referral,309.0,17,3,35,16,2,0,,0
4487780.9759536757,2020-11-23,2,13,desktop,<Other>,referral,13.0,5,2,41,0,1,0,,0
40858438.6822938539,2020-11-23,2,12,desktop,shop.googlemerchandisestore.com,referral,57.0,2,1,6,0,1,0,,0
7750159.6505312378,2020-11-23,2,16,desktop,shop.googlemerchandisestore.com,referral,38.0,3,1,8,0,2,0,0,1
6552271.8804757597,2020-11-23,2,22,desktop,<Other>,referral,13.0,1,5,10,0,2,0,,0
3327202.0943712796,2020-11-23,2,22,desktop,shop.googlemerchandisestore.com,referral,89.0,1,1,0,0,2,0,0,1
70430928.9867363250,2020-11-23,2,16,desktop,shop.googlemerchandisestore.com,referral,24.0,1,4,10,0,3,0,7,0
7652255.0101230871,2020-11-23,2,5,desktop,shop.googlemerchandisestore.com,referral,77.0,6,2,5,0,2,5,11,0
34490273.5966302679,2020-11-24,3,14,desktop,shop.googlemerchandisestore.com,referral,44.0,1,2,6,0,3,0,,1
5461037.2897084087,2020-11-24,3,23,desktop,shop.googlemerchandisestore.com,referral,130.0,13,1,14,0,2,0,,0
8935186924.5167433612,2020-11-24,3,9,desktop,<Other>,referral,44.0,1,1,0,0,3,0,0,1
77148477.7275137664,2020-11-24,3,18,desktop,<Other>,referral,39.0,2,2,16,0,5,0,0,0
4055961.2903422421,2020-11-24,3,18,desktop,shop.googlemerchandisestore.com,referral,55.0,5,2,30,0,6,1,0,0
20875971.1554451473,2020-11-25,4,0,desktop,<Other>,referral,141.0,7,1,13,0,2,0,0,0
6187495.0106411561,2020-11-25,4,14,desktop,<Other>,referral,87.0,5,4,33,0,1,0,,0
54090297.3676008653,2020-11-25,4,9,desktop,shop.googlemerchandisestore.com,referral,32.0,1,2,19,0,1,0,15,0
85684311.8708196319,2020-11-25,4,21,desktop,shop.googlemerchandisestore.com,referral,14.0,1,1,24,0,2,0,0,1
60189896.9468765048,2020-11-25,4,1,desktop,shop.googlemerchandisestore.com,referral,40.0,3,1,5,0,1,0,,0
21679259.2288048672,2020-11-25,4,5,desktop,shop.googlemerchandisestore.com,referral,59.0,2,4,30,0,3,1,,0
24897047.2200127337,2020-11-25,4,6,desktop,<Other>,referral,10.0,2,2,6,0,4,0,1,0
58881820.3673642140,2020-11-25,4,16,desktop,<Other>,referral,22.0,2,1,2,0,1,0,0,1
63844773.7751809422,2020-11-25,4,0,desktop,shop.googlemerchandisestore.com,referral,48.0,1,2,8,0,1,0,,0
8636012.0348119478,2020-11-25,4,2,desktop,<Other>,referral,50.0,1,4,3,1,1,0,7,0
68340330.6218248479,2020-11-26,5,2,desktop,shop.googlemerchandisestore.com,referral,25.0,2,1,9,3,1,1,,0
43906788.7546190026,2020-11-26,5,16,desktop,<Other>,referral,24.0,2,1,2,0,5,0,0,0
67990634.0151910511,2020-11-26,5,5,desktop,<Other>,referral,24.0,1,1,6,0,1,0,0,0
59283995.2508616440,2020-11-26,5,17,desktop,<Other>,referral,291.0,26,1,47,16,1,0,0,1
27563953.0157833669,2020-11-27,6,11,desktop,shop.googlemerchandisestore.com,referral,139.0,24,3,85,18,1,5,1,0
7252675.9081491443,2020-11-27,6,22,desktop,shop.googlemerchandisestore.com,referral,188.0,7,2,24,30,5,0,0,0
1296696.7251929026,2020-11-27,6,20,desktop,shop.googlemerchandisestore.com,referral,60.0,3,3,104,0,6,0,14,0
4064709.6809185036,2020-11-27,6,15,desktop,shop.googlemerchandisestore.com,referral,119.0,3,3,8,3,2,0,5,0
14271346.9604620566,2020-11-27,6,23,desktop,shop.googlemerchandisestore.com,referral,149.0,7,3,25,8,3,6,24,0
64451489.6117020616,2020-11-27,6,0,desktop,shop.googlemerchandisestore.com,referral,298.0,52,1,59,29,1,1,,0
47560404.3476867470,2020-11-27,6,16,desktop,shop.googlemerchandisestore.com,referral,63.0,1,2,21,9,1,3,0,0
6961058.7244207405,2020-11-27,6,1,desktop,<Other>,referral,226.0,9,1,22,2,2,0,0,0
3420993345.0374419686,2020-11-27,6,6,desktop,<Other>,referral,54.0,5,1,23,1,2,0,0,0
1872347.3287993263,2020-11-27,6,2,desktop,<Other>,referral,37.0,3,2,32,20,2,0,1,0
90840499.7278556017,2020-11-27,6,12,desktop,shop.googlemerchandisestore.com,referral,23.0,4,6,54,3,4,0,,0
53425850.4089853958,2020-11-27,6,5,desktop,<Other>,referral,27.0,4,1,15,10,3,0,0,0
49625864.9176816663,2020-11-28,7,8,desktop,<Other>,referral,76.0,4,1,19,20,1,0,,0
5357426.0216106310,2020-11-28,7,13,desktop,shop.googlemerchandisestore.com,referral,17.0,1,1,3,3,1,0,0,0
45408917.7275708611,2020-11-28,7,14,desktop,shop.googlemerchandisestore.com,referral,218.0,5,1,7,0,1,0,0,0
80102056.6809389391,2020-11-28,7,0,desktop,shop.googlemerchandisestore.com,referral,163.0,6,2,43,7,2,0,20,1
2314652.7895916826,2020-11-28,7,11,desktop,shop.googlemerchandisestore.com,referral,270.0,13,4,54,41,1,0,10,0
79556001.9340338986,2020-11-28,7,6,desktop,<Other>,referral,135.0,47,1,18,18,2,2,0,0
41721597.7658078053,2020-11-29,1,16,desktop,shop.googlemerchandisestore.com,referral,143.0,6,2,47,9,1,0,0,0
7193125.5982849186,2020-11-29,1,7,desktop,shop.googlemerchandisestore.com,referral,226.0,8,2,13,9,4,3,0,0
9038823.9978976976,2020-11-29,1,15,desktop,<Other>,referral,37.0,2,1,2,3,2,0,0,0
2003912.9760669661,2020-11-29,1,19,desktop,shop.googlemerchandisestore.com,referral,111.0,4,2,25,6,2,0,0,0
7674529.8817175135,2020-11-29,1,18,desktop,shop.googlemerchandisestore.com,referral,48.0,12,3,59,5,4,0,1,0
69692269.6324291600,2020-11-30,2,19,desktop,<Other>,referral,99.0,14,1,22,11,4,3,0,0
7487454.9043521164,2020-11-30,2,0,desktop,<Other>,referral,175.0,4,3,34,12,5,1,3,0
93790140.2924262721,2020-11-30,2,18,desktop,shop.googlemerchandisestore.com,referral,16.0,1,5,15,2,2,1,28,1
62352188.0721262860,2020-11-30,2,5,desktop,<Other>,referral,8.0,1,1,3,3,4,0,0,0
3306493.6869699768,2020-11-30,2,10,desktop,shop.googlemerchandisestore.com,referral,69.0,1,2,4,4,12,0,,0
7851717310.4801484131,2020-11-30,2,23,desktop,shop.googlemerchandisestore.com,referral,79.0,1,1,5,3,4,0,0,0
8680294.6850188531,2020-11-30,2,2,desktop,shop.googlemerchandisestore.com,referral,44.0,1,1,1,1,2,0,0,0
42669696.4294515505,2020-11-30,2,5,desktop,shop.googlemerchandisestore.com,referral,141.0,7,8,87,12,4,9,,0
34140706.2517225165,2020-11-30,2,16,desktop,shop.googlemerchandisestore.com,referral,48.0,2,4,7,2,4,0,17,0
73449982.7685842628,2020-11-30,2,6,desktop,<Other>,referral,42.0,2,2,18,9,2,0,13,0
22342515.7470426533,2020-11-30,2,23,desktop,shop.googlemerchandisestore.com,referral,39.0,2,2,18,0,4,0,0,0
46713699.8088713367,2020-11-30,2,5,desktop,shop.googlemerchandisestore.com,referral,48.0,1,1,17,3,8,0,,0
7680193331.8740202405,2020-11-30,2,18,desktop,<Other>,referral,443.0,31,2,68,47,12,0,27,0
52190515.2041872856,2020-11-30,2,7,desktop,<Other>,referral,25.0,1,4,20,2,3,0,,0
7836037.1182313637,2020-11-30,2,16,desktop,shop.googlemerchandisestore.com,referral,139.0,14,5,12,8,2,0,17,0
38018259.3746869511,2020-11-30,2,20,desktop,shop.googlemerchandisestore.com,referral,54.0,2,2,7,0,10,1,0,0
6003584.8390086616,2020-12-01,3,13,desktop,<Other>,referral,22.0,2,3,6,3,2,0,,0
65142264.5403230916,2020-12-01,3,0,desktop,<Other>,referral,30.0,1,3,9,4,4,0,19,0
7962956.9533545007,2020-12-01,3,12,desktop,<Other>,referral,25.0,5,5,46,14,22,0,18,0
19569327.4509171845,2020-12-01,3,3,desktop,<Other>,referral,64.0,2,1,25,2,6,2,,0
9052157.9901549579,2020-12-01,3,13,desktop,<Other>,referral,103.0,4,1,17,0,4,0,0,0
89869837.0474393502,2020-12-01,3,6,desktop,shop.googlemerchandisestore.com,referral,14.0,1,2,2,1,2,0,,0
78595868.1512099749,2020-12-01,3,3,desktop,<Other>,referral,94.0,5,4,52,11,2,0,0,0
2428522809.5367733841,2020-12-01,3,19,desktop,shop.googlemerchandisestore.com,referral,7.0,1,1,6,1,2,0,0,0
37603645.8224296625,2020-12-01,3,19,desktop,shop.googlemerchandisestore.com,referral,58.0,1,1,2,0,4,1,0,0
11100960.2667996478,2020-12-01,3,7,desktop,<Other>,referral,27.0,2,2,28,1,8,0,0,1
1089178.9103594365,2020-12-01,3,23,desktop,shop.googlemerchandisestore.com,referral,28.0,2,2,16,2,6,8,6,0
8501593.9535639008,2020-12-01,3,20,desktop,<Other>,referral,30.0,2,1,5,3,2,0,0,0
3436758.3540022393,2020-12-02,4,17,desktop,shop.googlemerchandisestore.com,referral,67.0,3,2,9,9,4,0,12,0
18171656.8464996756,2020-12-02,4,19,desktop,shop.googlemerchandisestore.com,referral,71.0,1,3,1,1,4,0,8,0
8142000.3062958976,2020-12-02,4,23,desktop,shop.googlemerchandisestore.com,referral,22.0,1,3,5,0,8,0,1,0
5901521.9913022764,2020-12-02,4,17,desktop,shop.googlemerchandisestore.com,referral,42.0,3,2,9,8,2,5,0,0
42813245.4172486522,2020-12-02,4,23,desktop,<Other>,referral,24.0,1,1,26,16,6,0,,1
4554126.3663658204,2020-12-02,4,8,desktop,shop.googlemerchandisestore.com,referral,16.0,2,1,27,19,8,0,,0
8474883.1476714634,2020-12-02,4,19,desktop,<Other>,referral,41.0,3,3,44,13,5,0,5,0
9145316.2106521715,2020-12-02,4,23,desktop,<Other>,referral,57.0,3,3,30,7,6,0,0,0
35482474.3482133405,2020-12-03,5,10,desktop,<Other>,referral,149.0,8,1,34,1,2,0,0,0
6315084.4680304987,2020-12-03,5,7,desktop,shop.googlemerchandisestore.com,referral,55.0,1,1,2,1,4,0,,0
34893677.5986111507,2020-12-03,5,5,desktop,shop.googlemerchandisestore.com,referral,92.0,1,5,13,4,8,0,22,0
18328443.2080319353,2020-12-03,5,20,desktop,<Other>,referral,28.0,2,8,19,10,4,0,,0
8343874.6047306465,2020-12-03,5,16,desktop,shop.googlemerchandisestore.com,referral,36.0,3,2,6,6,4,3,0,0
5277361.6865370550,2020-12-03,5,13,desktop,shop.googlemerchandisestore.com,referral,40.0,3,3,18,15,4,0,0,0
90534189.7793559750,2020-12-03,5,12,desktop,<Other>,referral,62.0,5,3,31,0,6,4,2,0
3310339.4446432370,2020-12-04,6,12,desktop,shop.googlemerchandisestore.com,referral,237.0,18,2,52,38,2,0,0,0
28624446.9980540301,2020-12-04,6,9,desktop,<Other>,referral,142.0,2,1,15,15,8,0,0,1
3375496.0648813714,2020-12-04,6,11,desktop,shop.googlemerchandisestore.com,referral,145.0,6,3,32,17,10,0,1,0
4429575.3550051489,2020-12-04,6,12,desktop,shop.googlemerchandisestore.com,referral,43.0,3,2,4,4,8,0,,0
69784832.7107601315,2020-12-04,6,8,desktop,shop.googlemerchandisestore.com,referral,24.0,1,2,20,1,6,1,,1
66118688.0355028155,2020-12-04,6,15,desktop,shop.googlemerchandisestore.com,referral,155.0,2,4,7,3,2,0,0,0
31556860.5592810420,2020-12-04,6,10,desktop,shop.googlemerchandisestore.com,referral,194.0,5,5,20,4,10,6,2,1
3729857539.9270422454,2020-12-04,6,0,desktop,<Other>,referral,30.0,1,1,1,1,8,0,0,0
57471045.2261985947,2020-12-04,6,5,desktop,<Other>,referral,326.0,144,7,8,8,4,3,22,0
7054156.8209924713,2020-12-05,7,17,desktop,shop.googlemerchandisestore.com,referral,18.0,1,2,6,10,4,0,6,1
5402809.0916803278,2020-12-05,7,0,desktop,shop.googlemerchandisestore.com,referral,75.0,9,1,12,11,2,0,0,0
54134313.7729355877,2020-12-05,7,15,desktop,<Other>,referral,194.0,4,1,27,21,6,0,0,0
16291219.8111422394,2020-12-05,7,23,desktop,shop.googlemerchandisestore.com,referral,273.0,5,1,35,2,6,0,0,1
11576602.4389743015,2020-12-05,7,10,desktop,<Other>,referral,48.0,2,2,16,1,2,0,25,0
4663569.8394119852,2020-12-05,7,9,desktop,shop.googlemerchandisestore.com,referral,134.0,3,4,10,3,2,0,1,1
7576454.7446983097,2020-12-05,7,6,desktop,shop.googlemerchandisestore.com,referral,40.0,5,2,25,8,2,0,,0
55031053.4391048781,2020-12-05,7,14,desktop,<Other>,referral,31.0,7,2,13,10,8,1,,0
87866076.0273401847,2020-12-06,1,18,desktop,<Other>,referral,7.0,1,1,3,0,8,0,0,0
17453487.1522301419,2020-12-06,1,8,desktop,<Other>,referral,198.0,3,1,44,8,2,0,0,1
82736940.6582572177,2020-12-06,1,21,desktop,<Other>,referral,68.0,4,3,53,27,14,0,4,0
57752699.8373496520,2020-12-06,1,13,desktop,<Other>,referral,39.0,6,1,4,3,4,0,0,0
62367831.6101573204,2020-12-06,1,6,desktop,shop.googlemerchandisestore.com,referral,68.0,2,1,4,3,4,0,0,0
2794254.3713155121,2020-12-06,1,15,desktop,shop.googlemerchandisestore.com,referral,38.0,4,4,14,5,4,0,25,0
2232198.6371873310,2020-12-07,2,17,desktop,<Other>,referral,58.0,2,4,10,6,2,0,13,0
7125962.1798454198,2020-12-07,2,4,desktop,shop.googlemerchandisestore.com,referral,208.0,14,3,10,5,5,10,,0
11330440.1022375512,2020-12-07,2,8,desktop,<Other>,referral,32.0,2,1,4,2,4,1,0,0
39631980.9180761075,2020-12-07,2,15,desktop,<Other>,referral,35.0,2,4,27,2,6,0,34,0
8446899326.9951195067,2020-12-07,2,5,desktop,<Other>,referral,56.0,2,2,15,0,14,0,0,0
30279612.0796589091,2020-12-07,2,11,desktop,shop.googlemerchandisestore.com,referral,11.0,4,2,7,2,4,0,2,0
5254972.8889576683,2020-12-07,2,12,desktop,shop.googlemerchandisestore.com,referral,54.0,5,4,34,6,4,2,0,0
62091849.9050525976,2020-12-07,2,1,desktop,shop.googlemerchandisestore.com,referral,170.0,17,6,69,26,10,0,1,0
82102048.1975466467,2020-12-07,2,23,desktop,shop.googlemerchandisestore.com,referral,72.0,5,5,109,45,4,1,7,0
7030108.5593636316,2020-12-07,2,5,desktop,shop.googlemerchandisestore.com,referral,94.0,6,2,1,1,2,0,,0
3133775.9156295221,2020-12-07,2,19,desktop,shop.googlemerchandisestore.com,referral,84.0,3,1,0,0,10,0,,0
1050089385.0196776808,2020-12-08,3,2,desktop,shop.googlemerchandisestore.com,referral,40.0,4,1,27,3,2,0,0,0
91274512.0451281678,2020-12-08,3,16,desktop,shop.googlemerchandisestore.com,referral,152.0,13,3,19,9,2,0,21,0
46297179.0171278742,2020-12-08,3,14,desktop,shop.googlemerchandisestore.com,referral,19.0,1,3,27,0,4,0,7,0
2505234.3838284690,2020-12-08,3,4,desktop,shop.googlemerchandisestore.com,referral,53.0,4,2,41,18,6,0,0,0
2871704.5311484997,2020-12-08,3,14,desktop,<Other>,referral,50.0,2,1,3,2,8,1,0,0
52644953.9352687463,2020-12-08,3,17,desktop,<Other>,referral,62.0,6,3,10,0,8,0,0,0
4571300.1430687449,2020-12-08,3,10,desktop,<Other>,referral,34.0,5,3,31,10,4,0,21,0
39049092.9395215156,2020-12-08,3,22,desktop,<Other>,referral,34.0,2,4,7,2,12,0,1,1
4970125.1163716142,2020-12-08,3,8,desktop,<Other>,referral,30.0,1,1,1,0,2,0,0,1
8670634.2015391312,2020-12-08,3,14,desktop,shop.googlemerchandisestore.com,referral,120.0,4,1,22,2,2,1,0,0
1854862.9557304483,2020-12-08,3,2,desktop,<Other>,referral,60.0,3,2,27,5,4,4,,0
2546049.6626963713,2020-12-08,3,19,desktop,<Other>,referral,105.0,2,1,9,0,2,0,0,0
1899612.8238628379,2020-12-08,3,11,desktop,<Other>,referral,13.0,2,2,2,1,2,0,0,0
8432100.8786702190,2020-12-08,3,7,desktop,<Other>,referral,50.0,7,4,76,17,2,0,,0
70092642.2710325772,2020-12-09,4,20,desktop,shop.googlemerchandisestore.com,referral,32.0,6,4,38,9,4,0,5,1
2701051.6884497528,2020-12-09,4,22,desktop,<Other>,referral,168.0,11,1,38,8,10,0,,0
4738947.9438471560,2020-12-09,4,16,desktop,shop.googlemerchandisestore.com,referral,21.0,4,3,4,4,4,0,20,0
67050800.3768789367,2020-12-09,4,18,desktop,shop.googlemerchandisestore.com,referral,10.0,1,2,3,0,10,0,0,0
59219545.0213652475,2020-12-09,4,11,desktop,<Other>,referral,27.0,3,1,3,3,4,0,0,0
49793755.7550891425,2020-12-09,4,4,desktop,<Other>,referral,94.0,7,3,61,0,4,0,,0
7725658.2117768050,2020-12-09,4,11,desktop,shop.googlemerchandisestore.com,referral,69.0,5,2,21,4,6,0,25,0
43332866.6587062300,2020-12-09,4,4,desktop,<Other>,referral,55.0,1,1,1,0,2,0,0,0
69458824.5462655089,2020-12-09,4,3,desktop,shop.googlemerchandisestore.com,referral,37.0,10,5,27,18,4,0,4,0
1336873.9384913636,2020-12-09,4,7,desktop,<Other>,referral,23.0,2,1,2,2,4,0,0,0
85312914.8686882545,2020-12-09,4,6,desktop,shop.googlemerchandisestore.com,referral,36.0,13,7,27,2,2,3,,0
33228466.7506889878,2020-12-10,5,1,desktop,shop.googlemerchandisestore.com,referral,66.0,10,1,45,20,8,0,0,0
73143977.4968623389,2020-12-10,5,11,desktop,shop.googlemerchandisestore.com,referral,143.0,6,7,83,0,2,27,31,0
7982465.7564916416,2020-12-10,5,2,desktop,shop.googlemerchandisestore.com,referral,44.0,1,1,2,0,2,0,0,0
88765980.1821355206,2020-12-10,5,17,desktop,shop.googlemerchandisestore.com,referral,58.0,2,2,12,0,4,0,2,0
6524949.7576513689,2020-12-10,5,8,desktop,shop.googlemerchandisestore.com,referral,32.0,2,1,4,1,2,0,,0
31733645.3711323316,2020-12-10,5,15,desktop,<Other>,referral,138.0,19,3,116,55,2,0,,0
7307937.9736138181,2020-12-10,5,17,desktop,<Other>,referral,180.0,11,1,20,10,8,0,0,0
63322638.6145263794,2020-12-10,5,7,desktop,<Other>,referral,69.0,2,1,2,2,14,2,0,0
5640270.2841313070,2020-12-10,5,16,desktop,<Other>,referral,15.0,2,4,18,0,6,0,16,0
88609982.3067509014,2020-12-10,5,8,desktop,<Other>,referral,14.0,1,1,5,1,2,0,,0
44589429.9068358520,2020-12-10,5,23,desktop,<Other>,referral,8.0,1,1,4,3,10,0,0,0
10987967.4344965706,2020-12-10,5,4,desktop,shop.googlemerchandisestore.com,referral,20.0,1,2,2,2,4,0,2,0
4987157.9547809982,2020-12-10,5,11,desktop,shop.googlemerchandisestore.com,referral,33.0,2,1,30,3,4,0,0,0
57342716.1787863925,2020-12-10,5,5,desktop,<Other>,referral,24.0,2,2,8,0,2,0,21,0
60082841.6448395764,2020-12-10,5,5,desktop,<Other>,referral,30.0,1,4,27,0,2,0,28,0
36091629.1274862467,2020-12-10,5,6,desktop,<Other>,referral,56.0,3,4,29,5,4,0,3,0
82463656.4683065478,2020-12-11,6,15,desktop,<Other>,referral,56.0,4,3,8,2,6,0,6,0
6190624.8931186607,2020-12-11,6,15,desktop,shop.googlemerchandisestore.com,referral,79.0,1,1,0,0,4,0,0,0
12340605.6061903393,2020-12-11,6,0,desktop,<Other>,referral,48.0,2,1,2,2,8,1,0,0
35163365.5527160856,2020-12-11,6,12,desktop,<Other>,referral,47.0,6,4,14,13,2,0,3,0
49705018.4806836426,2020-12-11,6,9,desktop,shop.googlemerchandisestore.com,referral,36.0,2,4,26,11,4,0,,0
5869321.8775547043,2020-12-11,6,9,desktop,<Other>,referral,56.0,2,11,8,2,6,0,,0
26045316.6076625887,2020-12-11,6,16,desktop,shop.googlemerchandisestore.com,referral,55.0,1,2,20,4,4,0,0,0
68901715.3203526989,2020-12-11,6,7,desktop,shop.googlemerchandisestore.com,referral,28.0,2,1,3,2,6,0,0,0
55898259.3632334008,2020-12-11,6,18,desktop,shop.googlemerchandisestore.com,referral,21.0,2,10,87,5,12,0,28,0
6541037.7464446794,2020-12-11,6,20,desktop,shop.googlemerchandisestore.com,referral,94.0,5,1,42,6,6,0,0,0
37930099.3763917539,2020-12-11,6,6,desktop,shop.googlemerchandisestore.com,referral,576.0,30,8,35,0,6,1,28,0
4118528.2594121459,2020-12-11,6,9,desktop,<Other>,referral,44.0,1,3,7,3,4,0,7,1
45684041.1487561454,2020-12-11,6,22,desktop,<Other>,referral,24.0,1,3,20,18,6,0,,0
65547429.6412161315,2020-12-11,6,17,desktop,<Other>,referral,44.0,3,1,10,7,4,0,0,0
1111007.3250339243,2020-12-11,6,7,desktop,shop.googlemerchandisestore.com,referral,55.0,1,1,1,1,4,0,0,0
18829536.8717481088,2020-12-12,7,9,desktop,<Other>,referral,13.0,1,2,4,1,10,0,0,1
3048029.9624473822,2020-12-12,7,22,desktop,shop.googlemerchandisestore.com,referral,127.0,4,1,19,3,4,0,0,0
24304271.4330042107,2020-12-12,7,15,desktop,shop.googlemerchandisestore.com,referral,83.0,2,6,99,17,12,4,2,0
3204923446.0487126458,2020-12-12,7,4,desktop,<Other>,referral,6.0,1,3,7,0,6,0,10,0
6382777.8321129293,2020-12-12,7,13,desktop,shop.googlemerchandisestore.com,referral,102.0,2,3,16,12,4,0,4,0
1645066.3355511314,2020-12-12,7,17,desktop,<Other>,referral,55.0,1,1,19,24,4,0,0,1
57149023.8916404973,2020-12-13,1,13,desktop,shop.googlemerchandisestore.com,referral,43.0,2,6,37,28,6,0,1,0
41038964.1300925220,2020-12-13,1,16,desktop,<Other>,referral,42.0,3,1,5,5,6,0,0,0
37052831.8526706612,2020-12-13,1,3,desktop,<Other>,referral,12.0,2,1,9,2,2,0,0,0
79224794.0908623273,2020-12-13,1,16,desktop,<Other>,referral,151.0,5,1,57,0,6,0,0,0
1491753.9250182150,2020-12-13,1,12,desktop,shop.googlemerchandisestore.com,referral,48.0,1,4,37,10,8,0,31,1
5161098.0325326264,2020-12-13,1,20,desktop,shop.googlemerchandisestore.com,referral,43.0,3,3,10,3,4,4,3,0
59440589.7744966984,2020-12-14,2,12,desktop,shop.googlemerchandisestore.com,referral,18.0,2,2,20,6,2,0,,0
27672883.7917801712,2020-12-14,2,8,desktop,shop.googlemerchandisestore.com,referral,32.0,4,3,41,13,4,1,1,0
2278219.0388083386,2020-12-14,2,4,desktop,<Other>,referral,784.0,52,4,172,49,2,0,5,0
5266823.8519727676,2020-12-14,2,14,desktop,<Other>,referral,54.0,4,5,53,20,8,1,,0
3388152.7416415006,2020-12-14,2,22,desktop,shop.googlemerchandisestore.com,referral,52.0,5,2,12,9,4,0,7,1
19740989.0858763007,2020-12-14,2,15,desktop,shop.googlemerchandisestore.com,referral,24.0,2,3,30,10,4,0,0,0
3111676283.5909814874,2020-12-14,2,13,desktop,shop.googlemerchandisestore.com,referral,16.0,1,2,3,1,4,0,21,1
41651272.6663629996,2020-12-14,2,17,desktop,<Other>,referral,13.0,1,1,5,0,6,0,0,0
9030851.6893086314,2020-12-15,3,16,desktop,shop.googlemerchandisestore.com,referral,32.0,1,3,9,3,2,0,14,1
92178928.5827422195,2020-12-15,3,18,desktop,shop.googlemerchandisestore.com,referral,21.0,2,2,18,3,6,3,0,0
69713248.5059349258,2020-12-15,3,17,desktop,shop.googlemerchandisestore.com,referral,82.0,4,3,30,15,10,5,0,0
27918283.4779947292,2020-12-15,3,11,desktop,<Other>,referral,38.0,4,7,76,7,14,8,,0
8843133.1891118007,2020-12-15,3,8,desktop,shop.googlemerchandisestore.com,referral,149.0,10,1,31,19,6,0,0,0
31877872.8352061999,2020-12-15,3,12,desktop,<Other>,referral,6.0,2,1,8,2,2,0,0,0
2526035958.7467790703,2020-12-15,3,16,desktop,<Other>,referral,174.0,4,8,58,8,4,0,,0
2884152188.9848456767,2020-12-15,3,11,desktop,shop.googlemerchandisestore.com,referral,88.0,2,9,27,4,2,0,28,0
92422851.0520335541,2020-12-15,3,17,desktop,shop.googlemerchandisestore.com,referral,242.0,30,1,11,7,4,0,,0
4828068.2073927850,2020-12-15,3,4,desktop,shop.googlemerchandisestore.com,referral,80.0,4,5,42,20,2,0,0,0
31203817.7278508915,2020-12-15,3,0,desktop,shop.googlemerchandisestore.com,referral,16.0,1,1,1,0,2,0,0,0
61506894.3453397302,2020-12-15,3,8,desktop,shop.googlemerchandisestore.com,referral,50.0,5,3,63,0,2,0,6,0
4113793.0930728956,2020-12-15,3,14,desktop,shop.googlemerchandisestore.com,referral,30.0,1,3,14,1,2,8,0,1
3295969.7003429554,2020-12-15,3,8,desktop,<Other>,referral,63.0,1,1,17,0,4,0,0,0
45823533.2084380423,2020-12-15,3,17,desktop,<Other>,referral,28.0,2,2,16,4,6,0,0,0
49882860.4695240275,2020-12-15,3,16,desktop,shop.googlemerchandisestore.com,referral,44.0,1,2,23,27,4,0,11,0
71728326.8215187064,2020-12-16,4,1,desktop,shop.googlemerchandisestore.com,referral,19.0,1,1,1,0,6,0,0,0
86226481.4357835444,2020-12-16,4,21,desktop,<Other>,referral,30.0,1,9,10,0,6,0,,1
64707869.9107693145,2020-12-16,4,13,desktop,<Other>,referral,98.0,3,3,45,0,2,0,0,0
83567287.4802807332,2020-12-16,4,17,desktop,shop.googlemerchandisestore.com,referral,32.0,1,1,1,1,2,2,,0
22626490.1144906377,2020-12-16,4,1,desktop,<Other>,referral,85.0,4,5,28,18,6,0,13,0
70707207.7999405769,2020-12-16,4,8,desktop,shop.googlemerchandisestore.com,referral,137.0,8,10,83,10,26,3,8,0
71577991.6929043696,2020-12-16,4,14,desktop,shop.googlemerchandisestore.com,referral,86.0,2,3,20,9,10,0,1,0
1593060.9903989741,2020-12-16,4,4,desktop,shop.googlemerchandisestore.com,referral,184.0,2,1,20,18,4,1,0,0
1473521219.8525112860,2020-12-16,4,14,desktop,<Other>,referral,24.0,3,4,27,17,6,0,14,0
54650516.3770320538,2020-12-16,4,13,desktop,shop.googlemerchandisestore.com,referral,20.0,2,6,13,9,14,5,25,0
72884242.1035011217,2020-12-16,4,22,desktop,shop.googlemerchandisestore.com,referral,11.0,1,6,17,6,4,0,,0
1245203.1205410719,2020-12-16,4,8,desktop,<Other>,referral,72.0,2,5,25,8,8,0,5,1
2801511.1336263011,2020-12-16,4,15,desktop,<Other>,referral,37.0,2,3,93,7,4,0,28,0
75941642.3432570745,2020-12-16,4,22,desktop,shop.googlemerchandisestore.com,referral,46.0,4,8,29,19,6,1,13,0
8947475.8090315077,2020-12-17,5,2,desktop,<Other>,referral,20.0,1,6,8,4,8,0,1,1
8631746.0136342760,2020-12-17,5,23,desktop,shop.googlemerchandisestore.com,referral,191.0,11,2,65,22,3,0,4,0
2232981444.3331731762,2020-12-17,5,17,desktop,<Other>,referral,38.0,5,4,42,11,24,3,14,0
25524352.7325280300,2020-12-17,5,20,desktop,shop.googlemerchandisestore.com,referral,40.0,6,1,43,22,12,0,0,0
31903614.8832440737,2020-12-17,5,2,desktop,shop.googlemerchandisestore.com,referral,32.0,1,2,5,0,4,0,0,0
6924220.6153390244,2020-12-17,5,22,desktop,shop.googlemerchandisestore.com,referral,44.0,4,2,27,3,2,0,,0
2610547.9973555647,2020-12-17,5,20,desktop,shop.googlemerchandisestore.com,referral,48.0,3,1,19,0,3,0,,0
81632350.4358345762,2020-12-17,5,0,desktop,<Other>,referral,30.0,1,2,2,0,4,0,4,1
40581241.9763166406,2020-12-18,6,8,desktop,shop.googlemerchandisestore.com,referral,24.0,1,5,3,1,3,0,,0
9316296.6895701928,2020-12-18,6,8,desktop,shop.googlemerchandisestore.com,referral,99.0,26,4,53,5,6,0,2,0
68179423.3220502588,2020-12-18,6,21,desktop,shop.googlemerchandisestore.com,referral,175.0,9,3,31,5,9,0,24,0
8367098267.6266306459,2020-12-18,6,15,desktop,shop.googlemerchandisestore.com,referral,85.0,10,2,21,18,3,0,0,0
11422977.5445649055,2020-12-18,6,21,desktop,<Other>,referral,19.0,4,1,12,4,15,0,0,0
88252620.9272679238,2020-12-18,6,22,desktop,shop.googlemerchandisestore.com,referral,14.0,1,1,9,4,9,1,0,0
4645810.6414891428,2020-12-18,6,6,desktop,<Other>,referral,75.0,11,3,41,16,6,0,,0
68478330.4276176256,2020-12-19,7,13,desktop,shop.googlemerchandisestore.com,referral,22.0,1,2,3,1,8,0,0,0
5079875.2814181516,2020-12-20,1,10,desktop,shop.googlemerchandisestore.com,referral,39.0,3,1,5,1,6,3,0,0
68075284.5240293543,2020-12-20,1,3,desktop,<Other>,referral,59.0,6,1,6,10,3,4,0,0
64740644.1898496568,2020-12-21,2,19,desktop,<Other>,referral,179.0,4,3,63,0,8,0,9,0
1033085.6917088117,2020-12-21,2,16,desktop,<Other>,referral,712.0,42,10,25,0,15,0,20,0
79174534.4918543276,2020-12-21,2,13,desktop,<Other>,referral,52.0,5,4,13,11,6,0,2,0
2994751.6580189667,2020-12-21,2,3,desktop,<Other>,referral,183.0,4,2,41,25,6,0,0,0
1735740.0362728656,2020-12-22,3,6,desktop,<Other>,referral,67.0,3,3,20,6,3,1,12,1
66003152.6293590689,2020-12-22,3,2,desktop,<Other>,referral,84.0,3,1,15,5,27,0,0,0
78106766.0535705085,2020-12-22,3,6,desktop,shop.googlemerchandisestore.com,referral,96.0,1,2,10,0,15,0,0,0
3414474.3739440974,2020-12-22,3,22,desktop,<Other>,referral,159.0,4,1,17,15,12,0,0,0
81894085.3422774223,2020-12-22,3,11,desktop,shop.googlemerchandisestore.com,referral,92.0,1,7,23,1,6,0,15,0
7311472.7624692736,2020-12-22,3,4,desktop,<Other>,referral,39.0,2,6,50,29,21,2,3,0
3096891.2753343567,2020-12-22,3,14,desktop,shop.googlemerchandisestore.com,referral,54.0,3,1,8,2,6,0,,0
71773191.3267798855,2020-12-23,4,10,desktop,shop.googlemerchandisestore.com,referral,203.0,6,2,52,35,3,0,12,0
8848313.6690701237,2020-12-23,4,3,desktop,shop.googlemerchandisestore.com,referral,24.0,1,5,31,4,6,0,40,0
61926936.5478907982,2020-12-24,5,17,desktop,shop.googlemerchandisestore.com,referral,153.0,4,2,33,6,6,0,44,0
2876583.5568477554,2020-12-25,6,9,desktop,<Other>,referral,19.0,1,3,3,2,9,0,3,0
42807268.6210242414,2020-11-12,5,20,mobile,(data deleted),(data deleted),32.0,1,2,4,0,4,1,,0
2861916.5058017546,2020-11-13,6,2,mobile,(data deleted),(data deleted),143.0,36,3,32,0,7,0,5,0
2625733.8103163295,2020-11-13,6,13,mobile,(data deleted),(data deleted),23.0,1,3,5,0,2,0,,0
6709518.3773334846,2020-11-13,6,20,mobile,(data deleted),(data deleted),71.0,2,2,33,0,6,0,,0
7644052.7232523165,2020-11-13,6,10,mobile,(data deleted),(data deleted),18.0,1,3,18,0,3,0,,1
70978143.1630428206,2020-11-13,6,5,mobile,(data deleted),(data deleted),116.0,9,1,3,0,2,0,,0
2509185.9771834952,2020-11-13,6,22,mobile,(data deleted),(data deleted),38.0,2,2,5,0,8,0,,0
53469191.6312753520,2020-11-13,6,2,mobile,(data deleted),(data deleted),145.0,19,5,93,0,2,0,3,0
13140650.3592368904,2020-11-14,7,6,mobile,(data deleted),(data deleted),57.0,2,1,21,0,8,0,,0
64797298.8608140430,2020-11-14,7,0,mobile,(data deleted),(data deleted),133.0,6,4,17,0,4,0,,0
4766255.6864161154,2020-11-15,1,3,mobile,(data deleted),(data deleted),25.0,1,2,49,0,12,0,0,0
51605325.8215613948,2020-11-16,2,16,mobile,(data deleted),(data deleted),15.0,3,2,23,0,2,3,,1
34023241.0497666523,2020-11-17,3,20,mobile,(data deleted),(data deleted),48.0,1,4,11,0,2,0,,0
51608821.0291355400,2020-11-17,3,6,mobile,(data deleted),(data deleted),89.0,4,6,144,0,6,0,,0
2017544.1570506370,2020-11-17,3,5,mobile,(data deleted),(data deleted),23.0,2,2,7,0,4,0,0,0
22163228.0919031513,2020-11-17,3,17,mobile,(data deleted),(data deleted),55.0,4,8,52,5,18,0,13,0
5817047.8350669320,2020-11-17,3,16,mobile,<Other>,(data deleted),22.0,2,1,2,1,2,0,,0
5002787.9583537280,2020-11-17,3,7,mobile,(data deleted),(data deleted),24.0,1,2,52,1,4,0,4,1
4638232.0352195209,2020-11-17,3,14,mobile,(data deleted),(data deleted),38.0,1,2,29,1,2,0,,0
7453835.7513761923,2020-11-17,3,19,mobile,(data deleted),(data deleted),42.0,6,1,9,2,6,0,,1
57062019.1930840950,2020-11-18,4,20,mobile,(data deleted),(data deleted),104.0,2,5,27,3,8,1,4,0
7150186.6926554484,2020-11-18,4,18,mobile,(data deleted),(data deleted),92.0,1,4,13,0,3,0,,0
7013729.3490992264,2020-11-19,5,15,mobile,(data deleted),(data deleted),20.0,1,2,5,0,3,0,0,0
88827381.9303945281,2020-11-19,5,13,mobile,(data deleted),(data deleted),263.0,70,1,35,0,7,0,,0
5607144.6246327246,2020-11-20,6,16,mobile,(data deleted),(data deleted),142.0,5,2,13,0,1,0,,0
14233481.9298635081,2020-11-20,6,7,mobile,(data deleted),(data deleted),24.0,1,5,41,0,2,0,,0
6445892.8785219212,2020-11-20,6,23,mobile,(data deleted),(data deleted),142.0,10,4,18,0,2,0,0,0
4707239.1008432127,2020-11-20,6,8,mobile,(data deleted),(data deleted),60.0,2,5,22,0,5,0,,1
90326169.4943785433,2020-11-21,7,0,mobile,(data deleted),(data deleted),30.0,1,4,23,1,3,0,15,0
91694984.1982284598,2020-11-22,1,14,mobile,(data deleted),(data deleted),151.0,3,4,50,0,4,4,17,0
42955001.0060658686,2020-11-22,1,3,mobile,(data deleted),(data deleted),25.0,2,2,6,0,1,0,0,0
57268788.8001579631,2020-11-23,2,17,mobile,(data deleted),(data deleted),22.0,1,2,1,0,2,0,0,0
16580886.1809823695,2020-11-23,2,6,mobile,(data deleted),(data deleted),46.0,1,8,15,0,1,0,18,0
1405049.6223660087,2020-11-23,2,1,mobile,(data deleted),(data deleted),55.0,3,1,21,0,1,0,,0
36794743.0115266107,2020-11-24,3,8,mobile,(data deleted),(data deleted),192.0,28,4,58,0,1,0,10,0
4958713.6586294189,2020-11-24,3,22,mobile,(data deleted),(data deleted),188.0,6,2,12,0,1,0,2,0
75294747.2712173356,2020-11-24,3,11,mobile,(data deleted),(data deleted),104.0,8,8,23,2,5,0,,1
56575397.8153659749,2020-11-24,3,8,mobile,(data deleted),(data deleted),79.0,1,3,9,0,9,0,11,1
82400392.9908324838,2020-11-25,4,17,mobile,(data deleted),(data deleted),112.0,8,2,20,8,4,0,,0
8180003.1007682591,2020-11-25,4,5,mobile,(data deleted),(data deleted),48.0,4,2,29,0,6,0,,0
9074382.1600140595,2020-11-25,4,7,mobile,(data deleted),(data deleted),30.0,3,2,6,0,1,0,0,0
64120104.5265891556,2020-11-25,4,21,mobile,(data deleted),(data deleted),56.0,12,2,30,10,3,0,3,0
61404200.9076938118,2020-11-25,4,16,mobile,(data deleted),(data deleted),44.0,1,4,3,0,6,0,,0
64681465.6816600292,2020-11-25,4,0,mobile,(data deleted),(data deleted),94.0,8,4,15,0,2,0,12,1
93878179.6755259380,2020-11-25,4,0,mobile,(data deleted),(data deleted),40.0,5,1,16,0,2,0,,0
2172982.0369247075,2020-11-25,4,8,mobile,(data deleted),(data deleted),47.0,3,1,16,0,1,0,,0
80825724.4005939752,2020-11-26,5,16,mobile,(data deleted),(data deleted),266.0,6,2,5,6,2,0,0,0
40330172.7053220423,2020-11-27,6,22,mobile,(data deleted),(data deleted),13.0,4,4,49,15,1,0,21,0
6191638.2889349277,2020-11-27,6,19,mobile,(data deleted),(data deleted),24.0,1,2,4,0,1,0,,0
38790830.3670861164,2020-11-27,6,5,mobile,(data deleted),(data deleted),50.0,1,2,2,0,1,0,2,0
58104072.2659495100,2020-11-27,6,20,mobile,(data deleted),(data deleted),59.0,2,5,19,3,3,0,18,1
3415609.9717719748,2020-11-28,7,8,mobile,(data deleted),(data deleted),13.0,1,2,1,1,2,0,0,0
7991866.1378276681,2020-11-28,7,6,mobile,(data deleted),(data deleted),120.0,10,2,21,9,2,0,2,0
13492985.1319836896,2020-11-28,7,7,mobile,(data deleted),(data deleted),30.0,1,2,3,1,1,0,0,0
80465212.0037269782,2020-11-29,1,13,mobile,(data deleted),(data deleted),29.0,1,4,6,2,4,2,8,0
6762805.6017188798,2020-11-29,1,13,mobile,(data deleted),(data deleted),85.0,2,9,16,3,8,0,13,0
5711591.4799331450,2020-11-29,1,14,mobile,(data deleted),(data deleted),40.0,2,3,8,3,4,2,23,0
99387700.1672480666,2020-11-30,2,22,mobile,(data deleted),(data deleted),144.0,3,1,3,1,6,0,,1
50121199.4323445332,2020-11-30,2,20,mobile,(data deleted),(data deleted),3.0,1,4,8,1,6,0,1,0
98020186.6825178467,2020-11-30,2,11,mobile,(data deleted),(data deleted),212.0,5,3,24,11,5,0,,0
3285062.2387469131,2020-11-30,2,20,mobile,<Other>,(data deleted),52.0,4,6,33,10,6,0,,0
35733270.6791628940,2020-11-30,2,5,mobile,(data deleted),(data deleted),42.0,3,6,12,2,4,1,,0
10941030.2175902271,2020-11-30,2,4,mobile,(data deleted),(data deleted),99.0,22,2,40,18,2,6,0,0
1989999900.3723615330,2020-12-01,3,3,mobile,(data deleted),(data deleted),38.0,2,2,5,3,6,1,0,1
50750994.6140589985,2020-12-01,3,21,mobile,(data deleted),(data deleted),46.0,2,5,18,9,6,0,,0
5502112.0184769802,2020-12-01,3,19,mobile,(data deleted),(data deleted),35.0,3,5,13,7,10,0,3,0
2013175.8788634760,2020-12-01,3,21,mobile,(data deleted),(data deleted),62.0,7,7,18,11,2,0,,0
43031919.9726538913,2020-12-02,4,10,mobile,(data deleted),(data deleted),26.0,2,2,10,2,4,0,,0
3174198569.0794616310,2020-12-02,4,8,mobile,(data deleted),(data deleted),29.0,2,3,22,7,8,0,16,0
2011898130.9354861717,2020-12-02,4,19,mobile,(data deleted),(data deleted),43.0,3,6,19,6,6,0,,1
7149418.0554548662,2020-12-02,4,5,mobile,(data deleted),(data deleted),76.0,2,1,8,5,2,0,,0
60695124.4742262801,2020-12-02,4,8,mobile,(data deleted),(data deleted),105.0,2,6,59,0,6,0,19,1
8356454.4021523791,2020-12-03,5,13,mobile,(data deleted),(data deleted),44.0,8,2,17,6,2,0,0,0
3239161.4615679765,2020-12-03,5,12,mobile,(data deleted),(data deleted),80.0,5,2,13,10,2,0,28,0
17809571.4308076628,2020-12-04,6,4,mobile,(data deleted),(data deleted),48.0,4,5,42,7,6,0,,0
19161188.2303605487,2020-12-04,6,15,mobile,(data deleted),(data deleted),48.0,2,1,14,6,8,0,,0
40215313.8233626662,2020-12-05,7,1,mobile,(data deleted),(data deleted),188.0,7,1,14,9,8,0,,0
57453839.8245560325,2020-12-05,7,18,mobile,(data deleted),(data deleted),17.0,1,4,8,0,2,2,0,0
6715131.8917852498,2020-12-05,7,21,mobile,(data deleted),(data deleted),34.0,3,3,11,0,2,0,7,0
1219636.7573278529,2020-12-05,7,9,mobile,(data deleted),(data deleted),37.0,6,3,16,14,12,0,0,1
3562946.9800700991,2020-12-06,1,10,mobile,(data deleted),(data deleted),128.0,23,2,20,18,2,13,0,0
52484034.1270607566,2020-12-06,1,16,mobile,(data deleted),(data deleted),55.0,1,5,9,1,2,0,2,0
8816916.6059271167,2020-12-07,2,10,mobile,(data deleted),(data deleted),24.0,2,3,11,6,2,0,,0
37383357.2206535308,2020-12-07,2,6,mobile,(data deleted),(data deleted),74.0,4,1,11,3,4,0,,0
27046025.0676756993,2020-12-07,2,11,mobile,<Other>,(data deleted),32.0,2,4,20,0,4,14,,0
41321784.8870049679,2020-12-08,3,15,mobile,(data deleted),(data deleted),60.0,3,2,39,7,6,2,0,0
32190182.0699794389,2020-12-08,3,9,mobile,(data deleted),(data deleted),263.0,36,6,19,12,26,1,6,0
3457650.2924951409,2020-12-08,3,7,mobile,(data deleted),(data deleted),26.0,2,1,2,1,4,0,,0
76282145.6467825759,2020-12-09,4,9,mobile,(data deleted),(data deleted),53.0,7,2,9,7,4,0,0,1
73553329.4007239021,2020-12-09,4,11,mobile,(data deleted),(data deleted),23.0,1,5,17,0,2,0,22,0
49763131.6438442163,2020-12-09,4,14,mobile,(data deleted),(data deleted),177.0,5,3,43,1,6,1,36,0
70587803.9229757124,2020-12-09,4,17,mobile,(data deleted),(data deleted),83.0,12,2,4,5,6,0,0,1
3393889.7396147285,2020-12-09,4,22,mobile,(data deleted),(data deleted),22.0,1,2,29,17,2,0,0,0
6149712.2144079674,2020-12-10,5,14,mobile,(data deleted),(data deleted),49.0,8,1,13,8,2,0,,0
34228859.9056439264,2020-12-10,5,13,mobile,(data deleted),(data deleted),44.0,1,2,10,1,6,0,,0
6643240028.3907368685,2020-12-10,5,14,mobile,(data deleted),(data deleted),63.0,1,4,24,0,4,0,,1
40953348.8523432987,2020-12-10,5,14,mobile,(data deleted),(data deleted),375.0,15,2,5,0,2,5,0,0
8388141.0328660035,2020-12-10,5,16,mobile,(data deleted),(data deleted),46.0,1,3,6,1,2,0,2,0
1983361950.0406778458,2020-12-10,5,15,mobile,(data deleted),(data deleted),190.0,5,1,14,11,2,0,,0
68913644.8801660890,2020-12-10,5,1,mobile,(data deleted),(data deleted),14.0,1,3,7,5,2,0,26,0
93726689.1651052227,2020-12-10,5,7,mobile,(data deleted),(data deleted),44.0,1,2,8,3,4,4,0,0
7185915.0641916024,2020-12-10,5,7,mobile,(data deleted),(data deleted),38.0,2,3,18,17,2,3,12,0
84385511.3999029850,2020-12-10,5,7,mobile,(data deleted),(data deleted),45.0,6,3,15,10,6,0,1,1
64939560.5306054013,2020-12-10,5,17,mobile,(data deleted),(data deleted),54.0,4,10,27,9,2,0,8,0
9957205.7975202648,2020-12-10,5,7,mobile,(data deleted),(data deleted),159.0,4,2,13,4,2,2,27,0
2013582.5721733859,2020-12-11,6,2,mobile,(data deleted),(data deleted),128.0,2,4,16,9,4,0,16,0
8322894.0493055351,2020-12-11,6,2,mobile,(data deleted),(data deleted),118.0,9,6,15,11,2,0,,0
5120677.2454523377,2020-12-11,6,21,mobile,(data deleted),(data deleted),60.0,1,6,7,1,4,3,0,0
86241653.8282757080,2020-12-12,7,8,mobile,(data deleted),(data deleted),13.0,1,7,9,0,2,0,15,1
79222437.7976387631,2020-12-12,7,1,mobile,(data deleted),(data deleted),25.0,2,2,4,3,4,0,23,0
33727882.2877204595,2020-12-12,7,9,mobile,(data deleted),(data deleted),90.0,3,5,18,11,4,0,8,0
67251653.8910982513,2020-12-12,7,7,mobile,(data deleted),(data deleted),6.0,1,3,5,0,4,0,,1
4425556.0061611363,2020-12-12,7,1,mobile,(data deleted),(data deleted),176.0,7,3,53,21,12,1,1,0
63900303.6682627760,2020-12-13,1,21,mobile,(data deleted),(data deleted),32.0,3,2,5,6,4,0,5,0
75226916.3196630292,2020-12-13,1,15,mobile,(data deleted),(data deleted),77.0,6,2,71,4,4,1,1,0
7474537327.4725745851,2020-12-13,1,22,mobile,(data deleted),(data deleted),14.0,1,5,16,10,12,0,,1
6743101.4280021996,2020-12-14,2,23,mobile,(data deleted),(data deleted),55.0,1,3,16,1,2,0,3,0
7569695.7086930682,2020-12-14,2,16,mobile,(data deleted),(data deleted),86.0,4,9,68,51,2,0,30,0
4057017.7445500408,2020-12-14,2,16,mobile,(data deleted),(data deleted),85.0,5,2,32,34,8,1,0,0
8520754.9083745403,2020-12-14,2,2,mobile,(data deleted),(data deleted),13.0,1,2,3,1,4,0,1,0
38310647.6108465759,2020-12-14,2,12,mobile,(data deleted),(data deleted),100.0,3,2,18,2,2,0,0,1
37274779.4842178220,2020-12-14,2,21,mobile,(data deleted),(data deleted),40.0,5,2,67,16,14,0,0,0
34267479.4710386287,2020-12-14,2,22,mobile,(data deleted),(data deleted),71.0,2,3,22,3,2,0,0,1
2030522.5498187060,2020-12-14,2,12,mobile,(data deleted),(data deleted),46.0,2,3,15,5,6,0,0,0
36636315.3763957890,2020-12-15,3,6,mobile,(data deleted),(data deleted),92.0,1,4,34,1,8,0,0,0
18137603.8233478362,2020-12-15,3,17,mobile,(data deleted),(data deleted),43.0,6,4,29,7,2,0,,0
61380061.8801193763,2020-12-15,3,5,mobile,(data deleted),(data deleted),112.0,4,2,20,4,4,0,28,0
8842537.8992314512,2020-12-15,3,2,mobile,(data deleted),(data deleted),45.0,3,2,43,16,6,0,2,0
88637248.0603138171,2020-12-15,3,16,mobile,(data deleted),(data deleted),105.0,3,3,51,15,8,0,1,0
58602824.1798462461,2020-12-15,3,0,mobile,(data deleted),(data deleted),77.0,2,5,28,0,16,0,9,0
65011854.4911423052,2020-12-15,3,7,mobile,(data deleted),(data deleted),48.0,1,2,8,2,2,0,15,0
49236041.8790753746,2020-12-15,3,15,mobile,(data deleted),(data deleted),24.0,2,1,9,6,4,0,,0
82288674.1418835263,2020-12-15,3,20,mobile,(data deleted),(data deleted),79.0,1,1,0,0,8,0,,0
4191504.8974147364,2020-12-16,4,17,mobile,(data deleted),(data deleted),61.0,4,6,76,22,16,3,11,0
24051998.6799144387,2020-12-16,4,11,mobile,(data deleted),(data deleted),98.0,2,4,18,6,2,2,1,0
11244054.2177805414,2020-12-16,4,5,mobile,(data deleted),(data deleted),129.0,9,6,21,20,4,0,6,0
1269503.0307049017,2020-12-16,4,15,mobile,(data deleted),(data deleted),14.0,1,7,11,3,14,1,14,1
6085157.6522638010,2020-12-16,4,10,mobile,(data deleted),(data deleted),86.0,4,6,29,29,22,0,1,0
23495951.1863781184,2020-12-16,4,4,mobile,(data deleted),(data deleted),53.0,4,2,36,18,2,0,0,0
5996473.2606177796,2020-12-16,4,16,mobile,(data deleted),(data deleted),58.0,4,3,32,1,16,0,0,0
6406174.6400107326,2020-12-16,4,4,mobile,(data deleted),(data deleted),86.0,4,4,72,16,36,0,0,0
10731965.6220509788,2020-12-17,5,10,mobile,(data deleted),(data deleted),30.0,2,2,5,0,4,0,0,1
69080739.9100349214,2020-12-18,6,23,mobile,(data deleted),(data deleted),67.0,3,2,65,16,21,0,0,0
45277194.9362696963,2020-12-18,6,4,mobile,(data deleted),(data deleted),95.0,2,1,19,0,6,0,,0
52907871.5751917450,2020-12-18,6,18,mobile,(data deleted),(data deleted),38.0,6,4,44,41,9,0,1,0
3637854995.9255566540,2020-12-18,6,23,mobile,(data deleted),(data deleted),38.0,9,2,56,47,32,0,1,0
70273900.3717271442,2020-12-19,7,21,mobile,(data deleted),(data deleted),109.0,2,2,17,14,3,0,0,0
75571709.1157982540,2020-12-19,7,23,mobile,(data deleted),(data deleted),48.0,3,1,26,1,3,0,,1
1874599.7824854030,2020-12-19,7,3,mobile,(data deleted),(data deleted),130.0,4,1,32,9,9,0,,1
70890906.1784265451,2020-12-20,1,22,mobile,(data deleted),(data deleted),30.0,1,3,32,13,9,0,0,0
5736532689.1280896266,2020-12-20,1,14,mobile,(data deleted),(data deleted),100.0,2,6,9,3,9,0,5,0
65484697.9961257356,2020-12-21,2,22,mobile,(data deleted),(data deleted),58.0,2,3,6,0,4,0,39,0
9029010.8049284962,2020-12-22,3,7,mobile,(data deleted),(data deleted),56.0,8,3,53,42,6,0,3,0
25558125.8475774734,2020-12-22,3,6,mobile,(data deleted),(data deleted),57.0,2,6,19,3,10,0,,0
90389075.6135376881,2020-12-22,3,19,mobile,(data deleted),(data deleted),42.0,21,2,11,9,4,0,44,0
26171153.2712091151,2020-12-23,4,3,mobile,(data deleted),(data deleted),21.0,1,12,7,5,12,0,,1
13106788.7513677357,2020-12-23,4,19,mobile,<Other>,(data deleted),32.0,3,1,9,4,3,0,,0
92228801.7371633756,2020-12-23,4,19,mobile,(data deleted),(data deleted),162.0,7,4,47,41,3,1,17,0
5969626.2225772933,2020-12-23,4,9,mobile,(data deleted),(data deleted),46.0,2,2,5,0,3,0,1,0
57481596.7184472027,2020-12-23,4,13,mobile,(data deleted),(data deleted),39.0,4,3,40,28,15,0,1,0
7450806.9278139932,2020-12-23,4,1,mobile,(data deleted),(data deleted),36.0,4,3,19,4,3,0,41,0
1655781.0131717336,2020-12-24,5,21,mobile,(data deleted),(data deleted),32.0,1,2,62,31,3,0,0,0
71887902.6884854131,2020-12-24,5,8,mobile,(data deleted),(data deleted),39.0,3,8,40,18,3,0,20,0
2935483.4809296529,2020-12-25,6,1,mobile,(data deleted),(data deleted),37.0,1,3,11,1,6,0,6,0
19228473.0788389972,2020-12-25,6,15,mobile,(data deleted),(data deleted),17.0,3,2,23,7,12,0,7,0
5798842.3922639602,2020-12-26,7,1,mobile,(data deleted),(data deleted),18.0,1,5,105,12,9,0,38,0
6135662.0853737840,2020-12-26,7,11,mobile,(data deleted),(data deleted),7.0,2,2,5,0,9,1,0,0
37587826.1974136781,2020-11-12,5,6,mobile,(direct),(none),108.0,3,2,14,0,2,0,10,0
47004130.2614985916,2020-11-12,5,21,mobile,(direct),(none),84.0,5,1,26,0,2,0,,0
4022952.2986902042,2020-11-12,5,17,mobile,(direct),(none),30.0,2,1,10,0,10,0,0,0
79168059.5419491216,2020-11-12,5,17,mobile,(direct),(none),151.0,2,1,6,0,2,0,0,0
54818265.6577214045,2020-11-13,6,20,mobile,(direct),(none),48.0,1,1,3,0,6,0,,0
4031468.2204724824,2020-11-13,6,1,mobile,(direct),(none),40.0,2,1,4,0,2,0,0,0
65136379.8546335808,2020-11-13,6,22,mobile,(direct),(none),135.0,6,3,23,0,10,0,0,0
82508817.4629191879,2020-11-14,7,18,mobile,(direct),(none),44.0,4,1,18,0,2,0,0,0
57516363.5758729134,2020-11-14,7,21,mobile,(direct),(none),34.0,6,2,10,0,4,0,,0
3087694.4745898961,2020-11-14,7,4,mobile,(direct),(none),88.0,2,2,6,0,6,0,0,0
3526931.3784502135,2020-11-15,1,5,mobile,(direct),(none),48.0,1,3,6,0,2,0,4,1
84804701.0609767420,2020-11-16,2,12,mobile,(direct),(none),126.0,9,1,19,0,4,0,0,0
42463554.1409769202,2020-11-16,2,5,mobile,(direct),(none),92.0,1,3,2,0,6,0,4,0
32328904.6840270281,2020-11-16,2,6,mobile,(direct),(none),214.0,4,4,13,0,3,0,,0
12370832.6369217133,2020-11-16,2,9,mobile,(direct),(none),30.0,2,1,11,0,2,0,0,0
60446028.7543336675,2020-11-16,2,7,mobile,(direct),(none),18.0,1,1,2,0,4,0,0,0
2128409.3248782249,2020-11-16,2,15,mobile,(direct),(none),24.0,1,2,4,0,2,0,0,0
36563255.8188004692,2020-11-17,3,11,mobile,(direct),(none),55.0,1,3,4,0,6,0,0,0
25681781.7210716874,2020-11-17,3,9,mobile,(direct),(none),16.0,1,3,3,0,14,0,,1
1165995.5956787568,2020-11-17,3,7,mobile,(direct),(none),79.0,2,2,7,0,2,0,,0
11174427.4523965634,2020-11-17,3,18,mobile,(direct),(none),209.0,16,1,39,7,4,0,,0
12291446.3815334458,2020-11-17,3,7,mobile,(direct),(none),203.0,7,4,92,7,8,0,10,1
73606327.4930028426,2020-11-17,3,8,mobile,(direct),(none),20.0,1,2,5,0,4,0,0,0
48579992.6520915753,2020-11-18,4,19,mobile,(direct),(none),44.0,1,4,9,0,4,0,,0
5315363.0230026524,2020-11-18,4,5,mobile,(direct),(none),14.0,1,2,2,2,2,0,12,0
2756907.5463530964,2020-11-18,4,2,mobile,(direct),(none),30.0,1,1,1,1,2,0,0,0
43139770.9421518497,2020-11-18,4,18,mobile,(direct),(none),54.0,3,3,34,9,6,11,1,0
41141552.8387155159,2020-11-18,4,7,mobile,(direct),(none),79.0,2,1,3,2,2,0,0,0
3891526.7366315097,2020-11-18,4,3,mobile,(direct),(none),26.0,2,1,3,0,2,0,0,0
3323630.2242579330,2020-11-18,4,10,mobile,(direct),(none),13.0,2,1,4,0,2,0,0,0
87464267.0084919923,2020-11-19,5,23,mobile,(direct),(none),78.0,2,1,11,0,3,0,0,0
7019543.7153257093,2020-11-19,5,21,mobile,(direct),(none),177.0,3,1,13,0,2,0,0,0
7305312.0773204883,2020-11-19,5,8,mobile,(direct),(none),95.0,9,1,21,0,4,0,0,1
35307335.0847619857,2020-11-19,5,22,mobile,(direct),(none),24.0,1,3,25,0,4,0,1,0
24164594.4598368539,2020-11-20,6,2,mobile,(direct),(none),84.0,6,1,58,4,2,0,0,0
75073588.1859607099,2020-11-20,6,16,mobile,(direct),(none),21.0,2,5,27,0,3,0,,0
75611414.7949596702,2020-11-20,6,4,mobile,(direct),(none),88.0,3,1,8,0,3,0,0,0
1685178.0670336190,2020-11-21,7,0,mobile,(direct),(none),46.0,1,4,6,0,1,0,10,0
9397545.7933031135,2020-11-21,7,23,mobile,(direct),(none),49.0,2,2,8,0,1,0,0,0
8292508.2728920265,2020-11-21,7,9,mobile,(direct),(none),50.0,2,1,3,0,2,0,0,0
3435332.1615492469,2020-11-22,1,16,mobile,(direct),(none),115.0,3,1,10,0,1,0,0,0
8879691.4852058514,2020-11-22,1,10,mobile,(direct),(none),16.0,1,1,21,0,6,0,0,0
8579252.3506286297,2020-11-23,2,3,mobile,(direct),(none),165.0,21,2,69,0,1,0,1,0
5373799.6097004022,2020-11-23,2,5,mobile,(direct),(none),164.0,26,1,16,0,1,0,0,1
3327716.6139481359,2020-11-23,2,1,mobile,(direct),(none),95.0,7,1,10,0,1,0,0,1
6044369.0763862711,2020-11-23,2,22,mobile,(direct),(none),103.0,3,2,6,0,1,1,0,0
54019036.7189560758,2020-11-23,2,20,mobile,(direct),(none),245.0,14,1,31,0,2,0,0,0
90441331.9685487571,2020-11-23,2,15,mobile,(direct),(none),70.0,2,2,15,0,2,0,17,0
40073340.7794376474,2020-11-24,3,13,mobile,(direct),(none),41.0,3,1,7,0,2,5,0,0
2218243.6572984750,2020-11-24,3,13,mobile,(direct),(none),23.0,2,4,20,0,2,0,,0
5820525.4112921353,2020-11-24,3,13,mobile,(direct),(none),248.0,3,2,14,0,2,0,17,0
89517168.1965913087,2020-11-24,3,16,mobile,(direct),(none),63.0,1,1,0,0,1,0,,1
83959468.9388485041,2020-11-24,3,14,mobile,(direct),(none),32.0,1,1,4,0,2,0,,0
4284305324.1896487358,2020-11-24,3,16,mobile,(direct),(none),80.0,2,1,6,0,2,0,0,0
50725646.9290345522,2020-11-24,3,17,mobile,(direct),(none),15.0,3,1,4,0,3,0,,0
41904644.7032979505,2020-11-24,3,3,mobile,(direct),(none),123.0,7,4,31,0,1,0,,0
87817726.5153482315,2020-11-24,3,16,mobile,(direct),(none),55.0,1,5,12,0,2,0,20,0
8565129.1442773138,2020-11-24,3,6,mobile,(direct),(none),44.0,13,2,40,0,2,0,0,0
8692054.6479171047,2020-11-25,4,16,mobile,(direct),(none),34.0,3,3,7,0,2,2,0,0
13691555.1609230109,2020-11-25,4,12,mobile,(direct),(none),24.0,1,1,17,0,1,0,0,0
55259187.0625874272,2020-11-25,4,14,mobile,(direct),(none),32.0,1,3,12,0,2,0,,0
39816785.0776255763,2020-11-25,4,21,mobile,(direct),(none),177.0,13,2,37,0,2,0,,1
80123648.0068941500,2020-11-25,4,23,mobile,(direct),(none),188.0,18,2,15,0,3,0,5,0
82790046.1686536183,2020-11-26,5,8,mobile,(direct),(none),24.0,2,4,15,2,1,0,,1
42899000.7454943172,2020-11-26,5,2,mobile,(direct),(none),13.0,1,1,10,2,2,0,0,0
47416269.1313769797,2020-11-26,5,16,mobile,(direct),(none),19.0,1,2,11,0,2,0,,0
1349811.1244559364,2020-11-26,5,16,mobile,(direct),(none),76.0,5,1,24,3,4,0,0,0
30097569.9708723596,2020-11-27,6,10,mobile,(direct),(none),38.0,2,1,4,3,1,0,0,0
6483982.5492987889,2020-11-27,6,19,mobile,(direct),(none),30.0,1,1,2,1,2,0,0,0
44468077.6188155771,2020-11-27,6,0,mobile,(direct),(none),125.0,7,2,34,23,11,0,0,0
55516909.1481036394,2020-11-27,6,14,mobile,(direct),(none),22.0,2,1,9,0,2,0,0,0
85300829.7007575520,2020-11-27,6,21,mobile,(direct),(none),88.0,2,3,7,4,2,0,11,0
62196716.9012130319,2020-11-27,6,12,mobile,(direct),(none),55.0,7,1,10,13,2,0,0,0
58735415.2475008019,2020-11-27,6,14,mobile,(direct),(none),34.0,2,1,25,0,2,0,0,1
1822000.8128019496,2020-11-27,6,2,mobile,(direct),(none),185.0,25,1,109,69,3,0,0,0
6266986.5618192324,2020-11-27,6,23,mobile,(direct),(none),81.0,9,1,10,8,2,0,0,1
66664648.4730020451,2020-11-27,6,11,mobile,(direct),(none),56.0,4,1,6,4,2,0,0,0
18236864.0194729258,2020-11-27,6,16,mobile,(direct),(none),21.0,2,1,7,1,1,0,0,0
35315894.9355065326,2020-11-28,7,9,mobile,(direct),(none),82.0,5,1,42,5,1,2,0,1
59150872.6355994877,2020-11-28,7,6,mobile,(direct),(none),215.0,5,1,15,10,1,0,0,1
6050400.1592934348,2020-11-28,7,10,mobile,(direct),(none),20.0,4,1,4,5,2,0,0,0
60884649.3274819122,2020-11-28,7,10,mobile,(direct),(none),94.0,2,1,5,1,1,0,0,0
11370250.6795005807,2020-11-28,7,3,mobile,(direct),(none),30.0,3,2,17,10,3,0,8,0
8694256.3821330797,2020-11-28,7,6,mobile,(direct),(none),136.0,20,6,65,27,2,0,,0
5098405.2766662248,2020-11-29,1,18,mobile,(direct),(none),54.0,3,1,6,9,4,0,0,0
5925851.9554360524,2020-11-29,1,19,mobile,(direct),(none),70.0,2,4,22,1,1,0,,0
2170882.2918427094,2020-11-30,2,23,mobile,(direct),(none),41.0,2,1,20,22,2,0,0,0
6061725953.8302009147,2020-11-30,2,0,mobile,(direct),(none),18.0,5,1,4,3,4,3,0,0
19419805.4591946938,2020-11-30,2,13,mobile,(direct),(none),106.0,2,1,4,2,2,0,0,0
5958762.0643846515,2020-11-30,2,15,mobile,(direct),(none),66.0,5,1,18,12,2,0,0,0
5934688.8369478246,2020-11-30,2,17,mobile,(direct),(none),95.0,10,1,10,12,4,0,0,0
9047104.0893275400,2020-11-30,2,0,mobile,(direct),(none),37.0,2,1,2,3,2,0,0,0
2049470.1567030647,2020-11-30,2,20,mobile,(direct),(none),470.0,25,3,44,24,2,0,,1
7340885.1733336620,2020-11-30,2,22,mobile,(direct),(none),107.0,6,1,26,17,2,0,0,0
17583205.9222318480,2020-11-30,2,21,mobile,(direct),(none),44.0,4,9,32,2,4,6,13,0
11106892.6823829951,2020-12-01,3,0,mobile,(direct),(none),14.0,1,2,4,0,4,0,0,0
61145313.5871571070,2020-12-01,3,2,mobile,(direct),(none),38.0,3,8,22,7,10,0,,0
11553722.3184776624,2020-12-01,3,9,mobile,(direct),(none),20.0,1,1,3,1,4,2,0,0
9142790.6469687387,2020-12-01,3,1,mobile,(direct),(none),52.0,2,5,21,2,4,0,,0
78168128.9514766972,2020-12-01,3,0,mobile,(direct),(none),44.0,4,3,19,10,6,0,0,0
2439157.8112239984,2020-12-01,3,4,mobile,(direct),(none),40.0,7,1,74,38,10,0,0,0
11105025.0713455496,2020-12-01,3,12,mobile,(direct),(none),55.0,1,3,14,4,10,0,27,1
2317598.9209464204,2020-12-02,4,5,mobile,(direct),(none),71.0,1,2,3,7,4,0,11,1
1889615.7425182611,2020-12-02,4,8,mobile,(direct),(none),37.0,3,2,27,5,6,0,,0
80877062.4308635765,2020-12-02,4,23,mobile,(direct),(none),41.0,7,1,22,3,4,0,0,0
78128827.9666182442,2020-12-03,5,16,mobile,(direct),(none),55.0,1,1,1,1,6,0,0,0
5706715.6852183826,2020-12-03,5,18,mobile,(direct),(none),98.0,4,1,17,12,2,0,0,1
2964823.8798022419,2020-12-03,5,14,mobile,(direct),(none),39.0,5,3,54,7,24,0,0,0
91752450.9472635719,2020-12-03,5,10,mobile,(direct),(none),34.0,2,1,9,2,4,3,0,0
2779209.0075261161,2020-12-04,6,10,mobile,(direct),(none),30.0,1,1,1,0,2,0,0,0
1585309.6580304644,2020-12-04,6,8,mobile,(direct),(none),72.0,2,1,37,0,4,1,0,0
60519873.4627231601,2020-12-04,6,4,mobile,(direct),(none),14.0,4,1,5,4,2,4,0,0
33519070.9701128272,2020-12-04,6,15,mobile,(direct),(none),278.0,21,5,120,15,10,2,,0
33563436.3777012158,2020-12-05,7,10,mobile,(direct),(none),134.0,5,4,26,3,6,1,0,0
68346527.0844051631,2020-12-05,7,14,mobile,(direct),(none),79.0,1,2,11,1,2,0,2,0
2811472757.1072758998,2020-12-05,7,21,mobile,(direct),(none),62.0,3,1,3,4,4,0,0,0
14429820.5127041689,2020-12-05,7,7,mobile,(direct),(none),62.0,4,2,68,1,10,0,30,0
27469370.6585996420,2020-12-05,7,17,mobile,(direct),(none),45.0,4,1,39,17,2,0,0,0
50459060.2091794479,2020-12-05,7,10,mobile,(direct),(none),64.0,3,6,25,21,4,0,4,0
25831561.6830353320,2020-12-06,1,20,mobile,(direct),(none),28.0,2,1,7,4,2,0,0,0
1539940.5253610440,2020-12-06,1,17,mobile,(direct),(none),30.0,1,1,6,1,2,0,0,0
36346292.3024843816,2020-12-07,2,14,mobile,(direct),(none),17.0,1,1,3,0,4,0,0,0
2345616688.3567836901,2020-12-07,2,17,mobile,(direct),(none),63.0,1,2,26,4,2,2,,1
80698776.0554444491,2020-12-07,2,14,mobile,(direct),(none),50.0,2,6,56,10,4,8,30,0
31060017.1204528024,2020-12-07,2,8,mobile,(direct),(none),107.0,5,4,78,2,4,0,,0
27946409.7040300456,2020-12-08,3,19,mobile,(direct),(none),76.0,6,4,20,2,4,0,,0
7421090.1311478278,2020-12-08,3,19,mobile,(direct),(none),20.0,2,1,34,5,2,0,,0
2613398.2166675477,2020-12-08,3,17,mobile,(direct),(none),24.0,2,1,9,0,4,4,0,0
63837285.4662582710,2020-12-08,3,12,mobile,(direct),(none),253.0,12,3,32,16,2,0,0,0
7862002.2519400746,2020-12-08,3,20,mobile,(direct),(none),11.0,2,1,4,6,6,0,0,0
5112454.3163120988,2020-12-08,3,11,mobile,(direct),(none),49.0,3,2,14,10,14,0,0,0
66638267.7996007059,2020-12-08,3,4,mobile,(direct),(none),33.0,2,1,17,11,2,0,0,0
59655965.0647426255,2020-12-08,3,10,mobile,(direct),(none),194.0,9,1,14,20,2,0,,0
1333904.0818259561,2020-12-08,3,6,mobile,(direct),(none),48.0,1,1,27,3,8,0,0,0
54650531.8943536891,2020-12-08,3,9,mobile,(direct),(none),20.0,1,1,2,0,4,0,0,0
2113325.1940945017,2020-12-08,3,15,mobile,(direct),(none),14.0,1,4,45,3,6,0,30,0
2036422.8911886857,2020-12-09,4,5,mobile,(direct),(none),43.0,4,1,12,7,4,2,0,0
23631351.0257452991,2020-12-09,4,17,mobile,(direct),(none),174.0,4,2,40,24,4,0,26,0
56346352.5809156833,2020-12-09,4,8,mobile,(direct),(none),178.0,7,1,28,13,14,0,0,0
5232022.2769052718,2020-12-09,4,18,mobile,(direct),(none),163.0,13,3,22,15,2,0,0,0
2847475.1550624346,2020-12-09,4,18,mobile,(direct),(none),38.0,3,1,27,1,2,0,0,0
27433238.8199790608,2020-12-09,4,19,mobile,(direct),(none),29.0,9,2,23,11,3,0,36,0
85394891.9561309156,2020-12-09,4,16,mobile,(direct),(none),16.0,4,1,12,9,4,0,0,0
4766068.4048598783,2020-12-09,4,17,mobile,(direct),(none),16.0,1,1,54,20,2,0,0,0
2139760586.0871468639,2020-12-09,4,14,mobile,(direct),(none),48.0,4,1,22,6,4,0,0,0
28471582.5014474639,2020-12-09,4,3,mobile,(direct),(none),72.0,5,1,16,4,2,0,0,0
23761519.9043529493,2020-12-10,5,5,mobile,(direct),(none),74.0,5,1,15,13,2,0,0,0
6372054.7429791043,2020-12-10,5,5,mobile,(direct),(none),16.0,1,1,1,1,2,0,0,0
8112206.8437064088,2020-12-10,5,7,mobile,(direct),(none),38.0,3,1,59,0,6,0,0,0
4406786.1288886842,2020-12-10,5,14,mobile,(direct),(none),22.0,3,4,11,4,2,0,16,0
90640042.4789797090,2020-12-10,5,16,mobile,(direct),(none),72.0,2,1,4,4,10,0,0,0
84288512.1820202145,2020-12-10,5,11,mobile,(direct),(none),484.0,16,5,33,9,2,0,19,0
6034317.4561707953,2020-12-10,5,5,mobile,(direct),(none),199.0,8,2,27,0,2,0,0,0
8846705.8896018235,2020-12-11,6,0,mobile,(direct),(none),80.0,11,1,19,14,4,0,0,1
66436096.0118950287,2020-12-11,6,12,mobile,(direct),(none),103.0,5,5,74,17,4,0,,0
90921943.8748639559,2020-12-11,6,19,mobile,(direct),(none),40.0,2,6,4,1,2,0,,0
1650778.5848737470,2020-12-11,6,9,mobile,(direct),(none),6.0,1,3,9,1,2,0,,1
8675116.8463156282,2020-12-11,6,22,mobile,(direct),(none),46.0,1,1,2,2,4,0,0,0
7248576.9056418159,2020-12-11,6,18,mobile,(direct),(none),44.0,2,2,26,6,4,0,0,0
5050037.2369076659,2020-12-11,6,10,mobile,(direct),(none),62.0,14,2,58,37,2,1,1,0
59662749.6696416312,2020-12-11,6,18,mobile,(direct),(none),17.0,1,2,2,2,4,2,0,0
84838839.0769353328,2020-12-11,6,20,mobile,(direct),(none),24.0,1,4,28,15,6,0,,0
59081669.9567203496,2020-12-11,6,4,mobile,(direct),(none),54.0,3,6,61,36,10,0,15,0
40725997.7080496130,2020-12-11,6,13,mobile,(direct),(none),63.0,1,3,4,0,8,0,6,1
73999112.5658314974,2020-12-11,6,6,mobile,(direct),(none),50.0,4,2,39,22,4,2,,0
3581483.4847779204,2020-12-11,6,15,mobile,(direct),(none),45.0,2,1,6,0,4,0,,0
6084015318.6542135581,2020-12-11,6,0,mobile,(direct),(none),37.0,1,1,1,1,4,0,0,0
37320008.3341117417,2020-12-12,7,12,mobile,(direct),(none),118.0,11,2,73,0,2,0,28,0
9038562615.4849510514,2020-12-12,7,1,mobile,(direct),(none),62.0,4,3,131,27,4,0,,0
66586954.9090439023,2020-12-12,7,9,mobile,(direct),(none),79.0,4,1,38,10,4,0,,0
48729405.8068709539,2020-12-12,7,9,mobile,(direct),(none),74.0,2,1,2,2,2,0,0,0
89722190.8281663787,2020-12-12,7,22,mobile,(direct),(none),10.0,1,1,1,1,4,0,0,0
35099940.6327075444,2020-12-12,7,23,mobile,(direct),(none),4.0,1,1,1,1,2,1,0,0
29213420.6137198014,2020-12-12,7,2,mobile,(direct),(none),75.0,3,4,19,10,4,1,0,0
31456855.2528933945,2020-12-13,1,6,mobile,(direct),(none),17.0,1,2,4,2,4,0,0,0
4591821.3573843022,2020-12-13,1,6,mobile,(direct),(none),147.0,6,1,19,5,2,0,0,0
5323353.2186165169,2020-12-14,2,4,mobile,(direct),(none),63.0,1,2,18,7,8,0,1,0
48838373.9495436619,2020-12-14,2,22,mobile,(direct),(none),34.0,2,2,44,4,12,2,7,0
6171433.4572198027,2020-12-14,2,8,mobile,(direct),(none),10.0,1,1,12,1,2,0,0,0
25363504.9539525923,2020-12-14,2,3,mobile,(direct),(none),70.0,1,3,26,0,8,0,5,1
5041130.4127815311,2020-12-14,2,15,mobile,(direct),(none),66.0,4,1,33,7,4,2,0,0
5534507.9883804494,2020-12-14,2,14,mobile,(direct),(none),80.0,4,1,64,10,4,0,0,0
98737231.6995342156,2020-12-15,3,20,mobile,(direct),(none),79.0,1,4,10,1,12,0,3,0
7017656.9728222666,2020-12-15,3,7,mobile,(direct),(none),34.0,8,1,19,12,2,7,0,0
5013288.8674440820,2020-12-15,3,11,mobile,(direct),(none),79.0,1,2,14,2,6,0,1,0
4333028.2735100637,2020-12-15,3,8,mobile,(direct),(none),42.0,6,4,40,37,20,0,,0
33234318.3224761950,2020-12-15,3,9,mobile,(direct),(none),287.0,8,5,55,11,4,0,1,0
7118581.9194840540,2020-12-15,3,23,mobile,(direct),(none),10.0,1,2,4,0,6,0,3,1
59373032.3991187304,2020-12-15,3,6,mobile,(direct),(none),126.0,2,2,16,14,4,0,,0
65796992.6677179699,2020-12-15,3,7,mobile,(direct),(none),84.0,3,4,28,9,8,1,0,0
7164249.0567395189,2020-12-15,3,20,mobile,(direct),(none),38.0,2,3,9,1,2,0,15,0
8280658.3204517423,2020-12-15,3,18,mobile,(direct),(none),24.0,1,1,0,0,2,0,0,1
20368983.6178046546,2020-12-16,4,13,mobile,(direct),(none),19.0,1,1,1,1,4,0,0,0
9614593.5321513152,2020-12-16,4,1,mobile,(direct),(none),30.0,1,2,3,1,8,0,3,1
1813744.3260699232,2020-12-16,4,21,mobile,(direct),(none),46.0,3,1,20,4,2,0,0,0
2844031.7480387802,2020-12-16,4,2,mobile,(direct),(none),14.0,1,1,23,0,8,0,0,0
4464438.3217455173,2020-12-16,4,1,mobile,(direct),(none),48.0,1,1,8,5,6,0,0,0
6667186.4705493952,2020-12-16,4,3,mobile,(direct),(none),90.0,4,2,28,12,6,0,0,0
31012311.2048194530,2020-12-16,4,23,mobile,(direct),(none),25.0,2,1,12,8,2,0,0,0
5038082.1213644469,2020-12-16,4,0,mobile,(direct),(none),63.0,1,1,10,3,2,4,0,0
8478040283.7405308990,2020-12-16,4,13,mobile,(direct),(none),10.0,1,3,5,4,6,0,1,0
43925286.2421542089,2020-12-16,4,4,mobile,(direct),(none),141.0,3,2,9,7,6,0,0,0
4947085.9387818903,2020-12-16,4,20,mobile,(direct),(none),99.0,7,1,31,2,4,0,0,0
7833704.5580277942,2020-12-17,5,8,mobile,(direct),(none),7.0,1,1,2,0,2,0,0,0
77739287.4913869284,2020-12-17,5,17,mobile,(direct),(none),54.0,2,2,5,4,12,4,0,0
65163016.2468447960,2020-12-17,5,11,mobile,(direct),(none),166.0,8,3,16,0,16,0,0,0
84636323.8110704850,2020-12-17,5,3,mobile,(direct),(none),237.0,8,1,23,25,2,1,0,0
5175868.5309206965,2020-12-17,5,11,mobile,(direct),(none),256.0,20,6,32,1,2,0,1,0
79437846.7966348856,2020-12-17,5,20,mobile,(direct),(none),139.0,9,1,37,35,6,0,0,1
2206124.5804645350,2020-12-17,5,8,mobile,(direct),(none),63.0,1,5,11,0,4,0,1,0
21188888.1287984736,2020-12-17,5,16,mobile,(direct),(none),108.0,2,1,15,1,2,0,,0
7383305.1244201858,2020-12-17,5,11,mobile,(direct),(none),24.0,1,1,2,0,2,0,0,0
47327205.6325472260,2020-12-18,6,2,mobile,(direct),(none),79.0,2,5,14,11,8,0,2,0
49433987.5928820539,2020-12-18,6,13,mobile,(direct),(none),13.0,1,3,10,5,6,0,9,0
49434402.8306205049,2020-12-18,6,19,mobile,(direct),(none),40.0,1,7,17,2,3,0,1,0
25845532.1613251814,2020-12-18,6,0,mobile,(direct),(none),128.0,7,3,39,38,2,2,2,0
67638750.9021490779,2020-12-18,6,16,mobile,(direct),(none),91.0,8,1,8,7,6,0,0,0
8365874158.6584635135,2020-12-18,6,0,mobile,(direct),(none),44.0,1,3,25,0,6,0,1,1
82278834.0437907358,2020-12-18,6,23,mobile,(direct),(none),71.0,7,1,58,51,6,0,0,0
4228397.9560479355,2020-12-19,7,16,mobile,(direct),(none),46.0,1,1,5,3,6,3,,1
22941144.0166280987,2020-12-19,7,16,mobile,(direct),(none),35.0,3,9,82,7,15,0,29,1
5983009.7119136524,2020-12-19,7,3,mobile,(direct),(none),44.0,1,1,3,4,3,0,0,0
4048182.4740766081,2020-12-19,7,13,mobile,(direct),(none),32.0,1,1,11,2,3,0,0,0
7171332.8572143041,2020-12-19,7,5,mobile,(direct),(none),26.0,3,2,8,6,3,0,0,0
36259188.4271466328,2020-12-20,1,8,mobile,(direct),(none),22.0,2,1,11,7,3,0,0,0
8074234.7570194554,2020-12-21,2,20,mobile,(direct),(none),28.0,1,1,2,0,6,0,,0
66981107.6275848264,2020-12-21,2,5,mobile,(direct),(none),44.0,1,1,7,7,3,0,0,0
41170608.3749741399,2020-12-21,2,16,mobile,(direct),(none),84.0,47,1,17,9,3,0,0,0
31743724.0178994523,2020-12-21,2,9,mobile,(direct),(none),47.0,7,1,24,18,18,0,0,0
77005687.4514013148,2020-12-21,2,22,mobile,(direct),(none),48.0,1,1,9,1,6,0,0,1
85265536.4138277437,2020-12-21,2,7,mobile,(direct),(none),124.0,7,1,42,8,3,0,0,0
7351481.8873053183,2020-12-22,3,10,mobile,(direct),(none),13.0,1,1,3,1,6,0,0,0
31890386.5353531582,2020-12-22,3,9,mobile,(direct),(none),31.0,4,1,25,4,6,0,0,0
44316604.1189096693,2020-12-22,3,5,mobile,(direct),(none),70.0,5,4,77,2,3,3,5,0
49948590.1657747391,2020-12-22,3,1,mobile,(direct),(none),22.0,2,1,5,7,3,0,0,0
81182117.7869823509,2020-12-22,3,22,mobile,(direct),(none),41.0,2,3,24,10,3,0,0,0
36423903.0766482765,2020-12-23,4,3,mobile,(direct),(none),44.0,1,1,13,0,9,0,0,0
62972640.1817910937,2020-12-23,4,12,mobile,(direct),(none),18.0,1,4,12,1,6,0,0,1
31430869.9028960991,2020-12-23,4,8,mobile,(direct),(none),18.0,2,8,26,2,6,2,,0
6690432.3445265766,2020-12-23,4,22,mobile,(direct),(none),24.0,3,3,33,8,3,0,,0
88356029.8584657787,2020-12-23,4,2,mobile,(direct),(none),60.0,1,1,1,1,9,0,0,0
59628020.4516096651,2020-12-24,5,4,mobile,(direct),(none),21.0,1,3,18,6,3,0,2,0
6959133.0796529462,2020-12-25,6,6,mobile,(direct),(none),58.0,2,9,38,5,8,1,52,0
6918448.4186180278,2020-12-25,6,15,mobile,(direct),(none),11.0,1,1,2,3,3,0,0,0
87035146.0717707336,2020-12-26,7,10,mobile,(direct),(none),39.0,9,7,230,2,18,0,14,0
29759315.8320980944,2020-12-26,7,4,mobile,(direct),(none),30.0,2,1,19,6,12,0,0,0
67522359.2848039358,2020-11-12,5,3,mobile,<Other>,<Other>,169.0,7,2,30,0,4,0,0,0
68200712.6673181472,2020-11-12,5,20,mobile,<Other>,<Other>,16.0,3,1,4,0,8,0,0,0
4208419.3477986827,2020-11-12,5,6,mobile,<Other>,<Other>,91.0,2,2,8,0,4,0,,1
5734190.8608391738,2020-11-13,6,6,mobile,<Other>,<Other>,42.0,3,1,17,0,1,1,0,0
65032571.6974969637,2020-11-13,6,19,mobile,<Other>,<Other>,34.0,3,4,18,0,4,15,3,0
51457099.0051403619,2020-11-13,6,18,mobile,<Other>,<Other>,54.0,3,3,30,0,6,0,,0
46728708.0760649808,2020-11-13,6,1,mobile,<Other>,<Other>,19.0,2,2,2,0,2,1,0,0
23851655.0546635394,2020-11-14,7,6,mobile,<Other>,<Other>,18.0,1,2,2,0,4,0,13,0
6961838.2919122157,2020-11-14,7,22,mobile,<Other>,<Other>,97.0,2,1,4,0,4,0,0,0
7698474.4473587620,2020-11-15,1,23,mobile,<Other>,<Other>,42.0,5,1,13,0,4,0,0,0
30199985.4509664101,2020-11-16,2,23,mobile,<Other>,<Other>,25.0,3,1,4,3,2,0,0,1
74980629.0277968957,2020-11-16,2,6,mobile,<Other>,<Other>,124.0,5,5,30,0,2,0,11,0
7808489.0343492791,2020-11-17,3,7,mobile,<Other>,<Other>,29.0,5,1,20,0,4,0,,0
3925352.7354106331,2020-11-17,3,5,mobile,<Other>,<Other>,16.0,1,3,3,0,6,0,0,0
5370675.2157971187,2020-11-17,3,10,mobile,<Other>,<Other>,247.0,23,1,16,0,2,0,0,0
3158904.4798196476,2020-11-17,3,22,mobile,<Other>,<Other>,126.0,4,1,12,4,1,0,0,0
25633552.7333010872,2020-11-17,3,18,mobile,<Other>,<Other>,28.0,3,1,4,3,2,0,0,0
2641867.9314009131,2020-11-17,3,12,mobile,<Other>,<Other>,44.0,1,1,4,1,2,0,,0
5475603.0389778212,2020-11-18,4,5,mobile,<Other>,<Other>,16.0,1,1,5,1,2,0,0,0
8016178.0613025896,2020-11-18,4,5,mobile,<Other>,<Other>,5.0,4,1,1,1,2,0,0,0
76589332.6790534083,2020-11-19,5,5,mobile,<Other>,<Other>,92.0,1,9,33,1,2,0,14,0
5637710.4936907752,2020-11-19,5,5,mobile,<Other>,<Other>,81.0,4,1,22,0,3,0,0,1
2554609494.2346657395,2020-11-19,5,0,mobile,<Other>,<Other>,73.0,3,1,6,3,2,0,0,0
1414295036.1450204305,2020-11-20,6,2,mobile,<Other>,<Other>,23.0,2,1,6,0,5,0,0,0
6027887.5211064946,2020-11-21,7,16,mobile,<Other>,<Other>,28.0,4,3,12,0,1,8,,0
1561271.7182118121,2020-11-22,1,21,mobile,<Other>,<Other>,145.0,7,1,10,0,3,0,0,0
47567788.3779803485,2020-11-23,2,19,mobile,<Other>,<Other>,38.0,1,5,30,0,2,0,4,1
5216629.5530468973,2020-11-23,2,17,mobile,<Other>,<Other>,64.0,2,1,2,0,4,0,0,0
5996776.4076510130,2020-11-23,2,19,mobile,<Other>,<Other>,42.0,6,1,16,0,3,0,0,0
12140400.0943472141,2020-11-23,2,5,mobile,<Other>,<Other>,16.0,2,1,3,0,1,0,0,0
7171483.9306816136,2020-11-23,2,8,mobile,<Other>,<Other>,30.0,1,1,4,0,3,0,0,0
56842056.4074014657,2020-11-24,3,7,mobile,<Other>,<Other>,44.0,1,2,12,0,3,0,4,0
54840401.1429599516,2020-11-24,3,22,mobile,<Other>,<Other>,24.0,1,1,8,0,4,0,0,0
7905430175.6891710704,2020-11-24,3,5,mobile,<Other>,<Other>,74.0,5,1,24,0,4,0,0,0
23399303.4851199483,2020-11-25,4,6,mobile,<Other>,<Other>,32.0,1,6,9,0,5,0,14,0
2669656.5276416328,2020-11-25,4,18,mobile,<Other>,<Other>,92.0,5,3,16,0,1,0,,1
4579730.2657947414,2020-11-26,5,21,mobile,<Other>,<Other>,44.0,1,3,11,1,2,0,24,0
80816097.5485623131,2020-11-26,5,13,mobile,<Other>,<Other>,61.0,3,1,5,2,3,0,0,0
90732736.8391346787,2020-11-26,5,11,mobile,<Other>,<Other>,192.0,10,6,92,0,6,1,,0
68296803.9320657032,2020-11-26,5,22,mobile,<Other>,<Other>,32.0,2,1,13,3,1,0,0,0
87989440.4518895303,2020-11-27,6,1,mobile,<Other>,<Other>,34.0,9,1,16,17,3,0,0,0
12152291.1519358530,2020-11-28,7,2,mobile,<Other>,<Other>,165.0,14,2,77,19,1,0,,0
3938933.9449134391,2020-11-28,7,3,mobile,<Other>,<Other>,522.0,39,5,68,0,9,0,,0
31298789.9980288359,2020-11-28,7,20,mobile,<Other>,<Other>,113.0,2,1,8,8,3,0,,0
624755220.7269843161,2020-11-28,7,9,mobile,<Other>,<Other>,54.0,2,1,6,8,3,0,0,0
72926454.8269061887,2020-11-28,7,1,mobile,<Other>,<Other>,21.0,4,2,7,8,2,0,10,0
76553297.6424575211,2020-11-29,1,17,mobile,<Other>,<Other>,150.0,10,1,1,1,2,0,0,0
52842299.0972144749,2020-11-30,2,22,mobile,<Other>,<Other>,87.0,5,1,31,3,6,1,,0
8764422.5504594869,2020-11-30,2,19,mobile,<Other>,<Other>,28.0,2,1,3,2,6,0,0,0
6405125.4983649700,2020-11-30,2,13,mobile,<Other>,<Other>,34.0,7,1,5,0,6,0,0,0
81748942.8201234491,2020-11-30,2,2,mobile,<Other>,<Other>,33.0,2,1,3,2,1,0,0,0
76491344.7374736714,2020-11-30,2,7,mobile,<Other>,<Other>,55.0,4,1,7,7,4,3,0,0
11026237.6695291303,2020-11-30,2,16,mobile,<Other>,<Other>,82.0,3,1,25,1,2,0,0,0
63177378.7681474242,2020-11-30,2,10,mobile,<Other>,<Other>,186.0,6,3,61,10,10,7,0,1
31506927.2250214660,2020-12-01,3,21,mobile,<Other>,<Other>,53.0,3,2,9,6,2,0,0,0
1647483481.5867462181,2020-12-01,3,22,mobile,<Other>,<Other>,38.0,2,1,11,0,2,0,0,0
2972042.1160295830,2020-12-01,3,11,mobile,<Other>,<Other>,449.0,14,1,55,1,2,0,0,0
1164842.6741102569,2020-12-01,3,3,mobile,<Other>,<Other>,271.0,12,1,27,16,2,0,0,0
60417695.6146324647,2020-12-01,3,12,mobile,<Other>,<Other>,49.0,5,1,39,7,2,0,0,0
1055924025.4008704458,2020-12-02,4,0,mobile,<Other>,<Other>,57.0,4,3,45,18,18,0,1,0
43914136.5300631729,2020-12-02,4,18,mobile,<Other>,<Other>,40.0,1,1,3,0,2,0,0,0
86676685.2128350161,2020-12-02,4,10,mobile,<Other>,<Other>,55.0,5,1,20,8,2,0,0,0
29357270.0363491359,2020-12-02,4,2,mobile,<Other>,<Other>,54.0,2,1,0,0,4,0,0,0
63829798.3654577693,2020-12-03,5,2,mobile,<Other>,<Other>,258.0,26,1,45,4,2,0,0,0
23049349.8568567171,2020-12-04,6,5,mobile,<Other>,<Other>,79.0,15,1,26,6,2,0,0,0
15485284.9465721193,2020-12-04,6,16,mobile,<Other>,<Other>,63.0,1,2,17,2,4,0,3,0
7354267.9958333376,2020-12-05,7,6,mobile,<Other>,<Other>,5.0,1,1,2,0,4,0,0,0
59984887.3998777935,2020-12-05,7,15,mobile,<Other>,<Other>,84.0,3,1,20,1,4,1,0,0
6392078.0886402403,2020-12-05,7,11,mobile,<Other>,<Other>,16.0,1,1,4,1,2,0,0,1
6159964.0799849753,2020-12-05,7,19,mobile,<Other>,<Other>,119.0,4,2,45,3,4,0,1,0
22269209.3146805248,2020-12-06,1,23,mobile,<Other>,<Other>,27.0,2,1,4,5,2,0,0,0
31220521.2000170274,2020-12-06,1,15,mobile,<Other>,<Other>,134.0,2,1,9,10,2,0,0,0
42803854.7029077775,2020-12-07,2,18,mobile,<Other>,<Other>,43.0,4,1,12,1,4,0,0,0
48950292.7220423425,2020-12-07,2,7,mobile,<Other>,<Other>,63.0,1,1,3,3,2,0,0,0
55159338.7105200700,2020-12-07,2,5,mobile,<Other>,<Other>,28.0,1,1,1,1,2,0,0,0
4646569700.1915538567,2020-12-08,3,16,mobile,<Other>,<Other>,30.0,1,3,33,14,2,0,,0
4983577.8461145532,2020-12-08,3,15,mobile,<Other>,<Other>,72.0,2,11,44,0,4,0,35,0
44080603.5651121314,2020-12-09,4,22,mobile,<Other>,<Other>,361.0,37,1,28,25,2,0,0,0
54571089.7076275652,2020-12-09,4,2,mobile,<Other>,<Other>,50.0,4,1,14,0,2,0,0,0
78412371.3141968463,2020-12-09,4,7,mobile,<Other>,<Other>,40.0,2,1,3,2,6,2,0,0
22960903.4572081213,2020-12-10,5,23,mobile,<Other>,<Other>,18.0,1,1,6,4,4,0,0,0
4551285.5053498474,2020-12-10,5,6,mobile,<Other>,<Other>,136.0,17,6,10,0,4,0,8,0
55194119.6469234549,2020-12-10,5,9,mobile,<Other>,<Other>,25.0,1,4,5,1,8,6,0,1
27553430.2739926999,2020-12-11,6,18,mobile,<Other>,<Other>,17.0,2,2,18,2,5,0,,0
3292684.9252653864,2020-12-11,6,17,mobile,<Other>,<Other>,126.0,9,2,9,10,2,0,18,0
2110079.7055072364,2020-12-12,7,12,mobile,<Other>,<Other>,14.0,1,1,15,3,2,1,0,0
74351856.8000104870,2020-12-12,7,1,mobile,<Other>,<Other>,223.0,24,1,44,27,4,0,0,0
5094830.1357312948,2020-12-12,7,9,mobile,<Other>,<Other>,46.0,6,1,16,16,2,0,0,0
6949486.3374084385,2020-12-12,7,1,mobile,<Other>,<Other>,35.0,4,1,6,6,4,0,0,0
5961617.0404314603,2020-12-13,1,15,mobile,<Other>,<Other>,7.0,5,1,1,1,4,1,0,0
61969665.2429682443,2020-12-13,1,18,mobile,<Other>,<Other>,46.0,1,1,3,1,4,0,0,0
5409431.3869554427,2020-12-13,1,9,mobile,<Other>,<Other>,156.0,2,1,8,0,2,0,,0
33022040.1288126111,2020-12-14,2,18,mobile,<Other>,<Other>,30.0,2,1,6,5,4,0,0,0
87658194.9871546984,2020-12-14,2,14,mobile,<Other>,<Other>,52.0,2,1,39,0,6,0,0,0
47123059.7487136972,2020-12-14,2,22,mobile,<Other>,<Other>,90.0,4,2,33,0,2,0,0,0
18844012.8867221379,2020-12-14,2,6,mobile,<Other>,<Other>,57.0,5,1,19,7,2,0,0,0
56804998.5738212356,2020-12-14,2,19,mobile,<Other>,<Other>,30.0,1,2,9,7,6,0,0,0
57499982.4479614398,2020-12-14,2,22,mobile,<Other>,<Other>,106.0,4,1,30,6,2,0,0,0
44648288.3163217439,2020-12-15,3,7,mobile,<Other>,<Other>,24.0,1,1,19,10,8,0,0,0
2306614.9143424249,2020-12-15,3,20,mobile,<Other>,<Other>,93.0,5,1,22,1,10,3,0,0
5589070.6656952788,2020-12-15,3,16,mobile,<Other>,<Other>,39.0,5,1,50,3,10,0,0,0
45515994.4994616672,2020-12-15,3,19,mobile,<Other>,<Other>,7.0,1,2,4,2,4,0,0,0
5821699.6269671490,2020-12-15,3,3,mobile,<Other>,<Other>,32.0,1,1,6,0,4,0,0,0
5418808005.3102201293,2020-12-16,4,3,mobile,<Other>,<Other>,13.0,1,1,2,3,6,0,0,0
82604808.5833749347,2020-12-16,4,14,mobile,<Other>,<Other>,214.0,13,1,41,22,2,0,0,0
39689879.5114355808,2020-12-17,5,20,mobile,<Other>,<Other>,48.0,3,1,5,2,2,2,0,0
1836968.7888260850,2020-12-17,5,12,mobile,<Other>,<Other>,28.0,1,1,13,5,2,0,0,0
31508986.6211752903,2020-12-18,6,17,mobile,<Other>,<Other>,80.0,2,1,34,0,6,0,0,0
2486666.7242035302,2020-12-18,6,23,mobile,<Other>,<Other>,49.0,2,1,6,2,6,3,0,0
31950543.1898138464,2020-12-18,6,23,mobile,<Other>,<Other>,72.0,2,1,10,1,3,0,0,0
8339212.2465893300,2020-12-18,6,13,mobile,<Other>,<Other>,16.0,1,6,18,1,9,0,,1
2467672454.9329478776,2020-12-18,6,10,mobile,<Other>,<Other>,22.0,1,4,11,4,3,0,10,0
43491287.8048650889,2020-12-21,2,15,mobile,<Other>,<Other>,16.0,1,1,1,0,6,0,0,0
1431530072.2996186071,2020-12-21,2,6,mobile,<Other>,<Other>,55.0,1,1,11,3,12,0,0,0
32150941.2960979703,2020-12-22,3,11,mobile,<Other>,<Other>,13.0,1,1,5,1,9,0,0,0
7403204.3264957893,2020-12-22,3,14,mobile,<Other>,<Other>,87.0,4,1,18,16,6,0,0,0
5590716.6791910019,2020-12-23,4,3,mobile,<Other>,<Other>,24.0,2,4,20,0,6,0,0,0
2304744.2118775235,2020-12-23,4,10,mobile,<Other>,<Other>,39.0,17,1,48,28,9,0,0,0
34820749.5627527427,2020-12-23,4,19,mobile,<Other>,<Other>,23.0,1,2,94,34,23,0,0,0
2644910.8341124073,2020-12-24,5,14,mobile,<Other>,<Other>,8.0,1,1,13,15,6,0,0,0
50168082.8967124218,2020-12-24,5,9,mobile,<Other>,<Other>,24.0,1,1,1,1,6,0,0,0
91179760.4838146379,2020-12-24,5,23,mobile,<Other>,<Other>,36.0,3,1,40,9,3,0,0,0
46146978.5100846398,2020-12-26,7,9,mobile,<Other>,<Other>,120.0,1,1,17,0,3,7,0,0
4142001.1259803751,2020-11-12,5,3,mobile,google,cpc,162.0,8,3,52,0,2,0,,0
22959829.9343465806,2020-11-16,2,22,mobile,google,cpc,38.0,2,1,1,0,10,0,0,0
56162479.7328415035,2020-11-18,4,14,mobile,google,cpc,144.0,6,1,6,1,1,0,0,0
2459609.1421753209,2020-11-21,7,4,mobile,google,cpc,33.0,9,1,16,0,1,0,0,0
4928525.8378184452,2020-11-21,7,4,mobile,google,cpc,46.0,3,1,29,0,2,0,0,0
29060616.4029163657,2020-11-21,7,17,mobile,google,cpc,26.0,2,1,1,0,2,0,0,0
60865680.9694385103,2020-11-23,2,15,mobile,google,cpc,24.0,1,4,9,2,1,0,17,0
5584543.6745627539,2020-11-23,2,0,mobile,google,cpc,97.0,3,2,20,0,4,0,,0
7827395.5707921470,2020-11-25,4,10,mobile,google,cpc,26.0,2,1,2,0,1,0,0,0
83481361.1817813904,2020-11-26,5,4,mobile,google,cpc,34.0,2,1,16,13,2,0,0,0
30860744.4931842361,2020-11-27,6,15,mobile,google,cpc,40.0,2,1,15,4,2,0,0,0
58118425.1462158305,2020-11-27,6,21,mobile,google,cpc,30.0,2,1,2,2,3,0,0,0
2372140.2300669362,2020-11-27,6,20,mobile,google,cpc,6.0,1,4,54,19,1,1,1,0
2082729.0477339221,2020-11-30,2,10,mobile,google,cpc,71.0,1,2,13,2,4,0,18,0
31371338.9975214909,2020-12-01,3,0,mobile,google,cpc,11.0,1,1,2,0,4,0,0,0
1328818.5745830395,2020-12-02,4,1,mobile,google,cpc,44.0,5,1,39,2,4,0,0,0
41074384.6453239211,2020-12-02,4,12,mobile,google,cpc,94.0,7,1,8,9,4,0,0,0
73857569.3456666922,2020-12-04,6,5,mobile,google,cpc,40.0,2,1,6,7,10,0,0,0
3507860.1870168218,2020-12-07,2,3,mobile,google,cpc,29.0,1,1,19,9,4,2,0,0
76850448.7671717404,2020-12-08,3,20,mobile,google,cpc,16.0,1,1,1,1,6,0,0,0
41473698.5123929648,2020-12-09,4,14,mobile,google,cpc,24.0,1,3,35,2,10,0,1,0
40103327.3649897811,2020-12-11,6,6,mobile,google,cpc,176.0,4,6,71,11,2,1,6,0
76577624.1196857209,2020-12-11,6,15,mobile,google,cpc,24.0,1,1,3,0,2,0,0,0
53957273.1773663612,2020-12-12,7,12,mobile,google,cpc,14.0,1,1,30,24,6,0,0,0
41612188.2961405980,2020-12-13,1,9,mobile,google,cpc,95.0,2,1,26,1,2,0,0,0
6654192.1493839069,2020-12-14,2,17,mobile,google,cpc,133.0,9,1,33,37,6,1,0,0
8487535.9891736468,2020-12-15,3,12,mobile,google,cpc,6.0,2,1,2,0,2,0,0,0
87631466.4751678619,2020-12-17,5,6,mobile,google,cpc,30.0,1,2,4,1,8,0,1,0
9123305447.7023614255,2020-12-21,2,17,mobile,google,cpc,14.0,1,1,17,8,6,0,0,0
23412424.1031242780,2020-11-12,5,18,mobile,google,organic,96.0,3,1,16,0,5,0,,0
2734830.9992266559,2020-11-12,5,5,mobile,google,organic,19.0,3,1,6,0,3,0,0,0
7895459.8128031842,2020-11-12,5,8,mobile,google,organic,42.0,4,1,5,0,1,0,0,0
49012248.5451635004,2020-11-12,5,15,mobile,google,organic,30.0,2,2,14,0,3,0,0,0
3193748.4688093203,2020-11-13,6,7,mobile,google,organic,14.0,1,1,14,0,2,0,,0
57328124.6848846028,2020-11-13,6,23,mobile,google,organic,81.0,3,1,3,0,2,0,0,0
53263817.5868509099,2020-11-13,6,2,mobile,<Other>,organic,10.0,2,1,1,0,6,0,0,0
7614640.4464730476,2020-11-13,6,22,mobile,google,organic,92.0,1,1,1,0,4,1,0,0
12306432.7939489449,2020-11-13,6,0,mobile,google,organic,1170.0,400,3,9,0,3,0,,0
15492110.1286918774,2020-11-13,6,1,mobile,google,organic,32.0,1,4,17,0,6,0,9,0
53982377.9231749924,2020-11-13,6,9,mobile,google,organic,48.0,2,8,34,0,4,0,,0
4612979.8417176355,2020-11-13,6,1,mobile,google,organic,24.0,1,1,3,0,4,0,,0
11446993.7876701936,2020-11-14,7,1,mobile,google,organic,146.0,3,3,15,0,4,0,0,0
91376862.4856404354,2020-11-15,1,23,mobile,google,organic,20.0,1,1,1,0,6,0,0,0
1442181.1876979854,2020-11-15,1,4,mobile,google,organic,90.0,2,2,9,0,2,0,0,0
73892202.6179415969,2020-11-16,2,0,mobile,google,organic,44.0,5,1,6,0,2,0,0,0
52425787.4871890148,2020-11-16,2,0,mobile,google,organic,58.0,1,1,2,0,6,0,0,0
72114424.5827774039,2020-11-16,2,16,mobile,google,organic,171.0,13,2,41,5,2,0,3,1
7644155580.3915602822,2020-11-16,2,18,mobile,google,organic,56.0,2,4,36,0,8,0,,1
3135759.6931516852,2020-11-16,2,21,mobile,google,organic,198.0,12,2,33,0,4,0,5,0
11704860.5685851852,2020-11-16,2,17,mobile,google,organic,14.0,1,1,1,0,2,0,,0
4055873.2804573216,2020-11-16,2,8,mobile,google,organic,47.0,3,3,23,0,9,0,,0
5469445.5162537928,2020-11-16,2,1,mobile,google,organic,95.0,5,1,19,0,6,0,0,0
8206027.9597648346,2020-11-16,2,21,mobile,google,organic,127.0,7,1,16,0,2,0,0,0
38616734.5696400468,2020-11-16,2,10,mobile,google,organic,55.0,1,6,9,0,8,0,13,0
8736894.0863287130,2020-11-16,2,7,mobile,google,organic,13.0,1,1,1,0,4,1,0,0
49288108.7792907743,2020-11-16,2,20,mobile,google,organic,325.0,75,1,4,0,2,0,0,0
88104982.4975566982,2020-11-17,3,1,mobile,google,organic,26.0,3,3,8,0,8,0,6,0
97619147.3055572166,2020-11-17,3,4,mobile,google,organic,37.0,3,4,27,0,9,0,,0
54190735.3679282161,2020-11-17,3,14,mobile,google,organic,24.0,2,1,7,6,4,2,0,0
39913337.5078425632,2020-11-17,3,8,mobile,google,organic,74.0,4,7,28,1,6,0,,0
7531952.8659763808,2020-11-17,3,5,mobile,google,organic,98.0,4,1,11,0,4,0,,0
4546674.9168389614,2020-11-17,3,21,mobile,google,organic,103.0,21,2,26,0,6,0,3,0
6424047.8666679089,2020-11-17,3,7,mobile,google,organic,90.0,2,3,12,1,12,0,,0
7153024.5115370134,2020-11-17,3,4,mobile,google,organic,76.0,5,1,17,0,2,0,0,0
70013731.5220508342,2020-11-17,3,12,mobile,google,organic,34.0,3,1,5,5,4,0,0,1
56300115.7478494951,2020-11-17,3,17,mobile,google,organic,42.0,2,5,11,1,6,0,,0
23822680.9624813723,2020-11-17,3,17,mobile,google,organic,20.0,1,1,1,1,1,0,0,0
38970589.1095437937,2020-11-18,4,22,mobile,google,organic,477.0,9,3,20,16,2,0,,0
36342934.1053894040,2020-11-18,4,5,mobile,google,organic,60.0,1,1,3,3,4,0,0,1
4202156.8314255445,2020-11-18,4,19,mobile,google,organic,16.0,1,1,1,0,3,0,0,0
6134557.2662121134,2020-11-18,4,15,mobile,google,organic,176.0,4,4,23,2,5,0,1,0
1902955797.7515388048,2020-11-18,4,23,mobile,<Other>,organic,48.0,1,2,1,0,3,0,0,0
37308413.7975307957,2020-11-18,4,2,mobile,google,organic,55.0,1,1,11,0,6,0,0,0
6037505.2082712603,2020-11-18,4,2,mobile,google,organic,55.0,1,1,9,0,4,0,0,0
3402018.0291081671,2020-11-19,5,15,mobile,google,organic,120.0,7,5,34,0,9,0,13,0
43690856.5510407395,2020-11-19,5,12,mobile,google,organic,20.0,1,1,5,0,4,0,0,0
48159916.2278332378,2020-11-19,5,10,mobile,google,organic,63.0,1,5,24,0,5,0,0,1
1416421.5108958042,2020-11-19,5,16,mobile,google,organic,48.0,1,7,17,8,7,2,,1
18766586.3704506512,2020-11-20,6,5,mobile,google,organic,49.0,3,6,16,0,1,4,6,0
4449681.9212786049,2020-11-20,6,2,mobile,google,organic,29.0,6,4,24,0,2,8,,0
8105555.2376937141,2020-11-20,6,6,mobile,google,organic,48.0,1,3,37,0,4,0,15,0
13141816.1294900403,2020-11-20,6,14,mobile,google,organic,340.0,20,8,29,3,2,0,4,0
37295810.5629224960,2020-11-20,6,5,mobile,google,organic,58.0,1,1,9,0,2,0,0,0
2026570.1660036366,2020-11-20,6,9,mobile,google,organic,8.0,1,1,1,0,2,1,0,0
39520514.9339206269,2020-11-20,6,0,mobile,google,organic,55.0,6,1,12,0,2,2,0,0
52565912.2309852051,2020-11-20,6,7,mobile,google,organic,68.0,2,7,15,0,4,0,7,0
33967208.3195174744,2020-11-20,6,23,mobile,google,organic,12.0,1,1,1,0,1,0,0,0
77283283.8065996514,2020-11-21,7,4,mobile,google,organic,44.0,3,5,8,0,2,0,15,1
77276609.4416542415,2020-11-21,7,17,mobile,google,organic,14.0,1,2,14,0,1,0,10,0
6474740.9832985685,2020-11-22,1,20,mobile,google,organic,53.0,4,1,13,0,1,0,,0
8926225.9345063255,2020-11-22,1,10,mobile,google,organic,10.0,1,12,15,2,3,0,5,0
46436321.7372563843,2020-11-22,1,2,mobile,google,organic,21.0,5,1,13,0,1,0,0,0
23687755.9277542049,2020-11-22,1,5,mobile,google,organic,22.0,1,2,16,0,1,1,0,0
72449605.4329856695,2020-11-22,1,11,mobile,google,organic,71.0,1,2,4,0,1,0,7,0
65763297.7718598085,2020-11-22,1,22,mobile,google,organic,45.0,4,1,30,0,2,0,0,0
81842590.3577131570,2020-11-22,1,14,mobile,google,organic,18.0,1,1,1,0,1,0,0,0
6220202.4224592569,2020-11-22,1,21,mobile,google,organic,22.0,1,1,1,0,1,0,0,0
6112176882.5497379571,2020-11-23,2,20,mobile,google,organic,80.0,11,2,48,0,1,0,,0
78710713.2392067740,2020-11-23,2,6,mobile,google,organic,123.0,6,2,26,0,1,0,0,0
56981615.2873969327,2020-11-23,2,2,mobile,google,organic,66.0,2,1,6,0,2,0,0,0
6882191.5520315726,2020-11-23,2,12,mobile,google,organic,14.0,2,1,4,0,1,0,,0
88125518.8306270972,2020-11-23,2,21,mobile,google,organic,15.0,1,2,37,0,4,13,16,0
60670652.1232989037,2020-11-24,3,3,mobile,google,organic,65.0,3,1,31,0,2,0,0,0
2608462.0797346127,2020-11-24,3,2,mobile,google,organic,16.0,1,7,27,0,3,1,,1
3810063772.2479894157,2020-11-24,3,18,mobile,google,organic,71.0,1,1,0,0,3,0,,0
2355616.9460032382,2020-11-24,3,20,mobile,<Other>,organic,280.0,12,1,16,0,1,0,,0
7638626.6903353029,2020-11-24,3,2,mobile,google,organic,9.0,3,1,2,0,1,0,0,0
78499362.4704274874,2020-11-24,3,5,mobile,google,organic,270.0,15,1,7,0,2,0,0,0
8824479.1230645788,2020-11-25,4,22,mobile,google,organic,19.0,1,1,4,3,2,0,0,1
7136789.5111613653,2020-11-25,4,12,mobile,google,organic,29.0,3,2,32,0,2,0,0,0
7296831617.1672065923,2020-11-25,4,5,mobile,google,organic,56.0,3,3,11,0,4,0,,0
19538850.4860675683,2020-11-25,4,12,mobile,google,organic,86.0,7,1,7,0,1,0,,0
8305679.2059616518,2020-11-25,4,23,mobile,google,organic,299.0,20,1,23,20,1,0,,0
2941370.9700661406,2020-11-25,4,7,mobile,google,organic,48.0,6,1,32,0,1,0,0,1
86506239.5873574585,2020-11-25,4,14,mobile,google,organic,81.0,6,6,57,6,3,0,,0
48879002.2084859201,2020-11-25,4,4,mobile,google,organic,588.0,15,1,38,0,1,0,,0
66209749.3358798510,2020-11-26,5,4,mobile,<Other>,organic,152.0,9,1,24,0,1,0,,0
24006366.1954329758,2020-11-26,5,20,mobile,google,organic,89.0,6,1,15,8,2,3,0,0
1577730.6536343723,2020-11-26,5,23,mobile,google,organic,20.0,2,1,26,20,5,0,0,0
78684961.6003391059,2020-11-26,5,13,mobile,google,organic,49.0,3,1,8,3,3,0,,0
39388951.3688006674,2020-11-26,5,1,mobile,google,organic,806.0,110,1,10,0,4,0,0,0
25802072.3308665233,2020-11-26,5,12,mobile,google,organic,52.0,2,1,10,3,2,0,0,0
6698358.4948359155,2020-11-26,5,4,mobile,google,organic,152.0,2,1,4,0,1,2,0,0
1439927.0145685301,2020-11-26,5,6,mobile,<Other>,organic,60.0,2,1,5,0,1,0,0,0
12381181.9705732116,2020-11-26,5,11,mobile,google,organic,32.0,2,1,4,0,1,0,0,0
11251067.8076493504,2020-11-26,5,6,mobile,google,organic,66.0,2,6,26,1,2,0,,0
6556724.6722841168,2020-11-27,6,17,mobile,google,organic,145.0,3,1,3,1,3,0,0,1
5448650.2098499254,2020-11-27,6,11,mobile,google,organic,86.0,3,1,6,6,1,0,,0
59649348.4836960943,2020-11-27,6,14,mobile,google,organic,135.0,3,1,18,2,1,0,0,0
1367614.4912810709,2020-11-27,6,8,mobile,google,organic,70.0,2,1,13,8,1,0,0,0
1380507.2487426376,2020-11-27,6,8,mobile,google,organic,71.0,4,3,36,5,1,0,,0
29707188.6359473780,2020-11-27,6,11,mobile,google,organic,58.0,2,1,13,2,2,0,0,1
8968170.2149989235,2020-11-28,7,19,mobile,google,organic,23.0,3,1,3,3,1,0,0,0
90781020.1958966537,2020-11-28,7,22,mobile,google,organic,45.0,2,3,15,4,3,0,1,0
2357215.0639934221,2020-11-28,7,3,mobile,google,organic,150.0,6,11,41,0,8,1,6,0
4325314.4909952472,2020-11-28,7,5,mobile,google,organic,167.0,15,1,14,6,4,3,0,0
7528889.5973963363,2020-11-28,7,20,mobile,google,organic,52.0,4,1,16,5,1,0,0,0
73714607.3371536902,2020-11-28,7,17,mobile,google,organic,377.0,32,2,45,12,2,2,5,0
55546439.3506549560,2020-11-28,7,8,mobile,google,organic,13.0,1,1,1,2,2,0,0,0
51433042.8245699116,2020-11-29,1,9,mobile,google,organic,13.0,1,1,3,3,1,0,0,0
3336646.4974569457,2020-11-29,1,2,mobile,google,organic,65.0,6,5,33,6,3,0,,0
9101213.9063728582,2020-11-29,1,19,mobile,google,organic,239.0,8,1,33,22,1,0,0,0
3261850.2252714982,2020-11-29,1,20,mobile,google,organic,35.0,2,1,4,2,2,4,0,0
27181517.9278849940,2020-11-29,1,8,mobile,<Other>,organic,24.0,1,2,9,0,2,0,4,0
27576412.5755687425,2020-11-29,1,22,mobile,google,organic,159.0,11,1,12,2,2,3,0,0
1344816.6034452793,2020-11-29,1,3,mobile,google,organic,131.0,16,1,25,11,1,2,0,0
20664857.0927270637,2020-11-29,1,13,mobile,google,organic,58.0,5,11,33,14,3,1,,0
3486854476.9405742384,2020-11-29,1,1,mobile,google,organic,24.0,1,1,2,2,3,0,0,1
6476625.4953512502,2020-11-30,2,19,mobile,google,organic,77.0,5,1,31,8,4,1,0,1
18498851.9195881231,2020-11-30,2,14,mobile,<Other>,organic,24.0,1,1,1,0,6,0,0,0
1452482.7324331777,2020-11-30,2,6,mobile,google,organic,77.0,3,4,48,2,10,0,5,0
1395824.1622992884,2020-11-30,2,17,mobile,google,organic,220.0,5,3,3,6,6,0,,0
4956831.5685051736,2020-11-30,2,21,mobile,google,organic,92.0,1,1,15,0,2,0,0,0
6272530.1263809832,2020-11-30,2,18,mobile,google,organic,24.0,1,3,20,8,4,0,,0
58442179.0715020466,2020-11-30,2,21,mobile,google,organic,33.0,1,3,14,0,2,0,13,1
1192137.7038531452,2020-11-30,2,9,mobile,google,organic,53.0,3,2,8,4,4,0,0,0
57965823.6355901348,2020-11-30,2,21,mobile,google,organic,14.0,1,1,9,0,6,1,0,0
5060718.9596565990,2020-11-30,2,17,mobile,google,organic,116.0,11,3,112,51,2,0,,0
3628419.4816997781,2020-11-30,2,20,mobile,google,organic,56.0,3,1,6,1,2,0,0,0
3216886.8311598059,2020-11-30,2,3,mobile,google,organic,305.0,13,1,10,16,2,0,0,0
60536675.2873170774,2020-11-30,2,19,mobile,google,organic,12.0,1,1,1,0,2,0,0,1
8822912.1286128560,2020-11-30,2,21,mobile,google,organic,114.0,3,1,24,4,10,0,0,0
11176286.2780407108,2020-11-30,2,11,mobile,google,organic,54.0,5,5,23,4,6,0,13,0
60250165.3437538758,2020-11-30,2,8,mobile,google,organic,34.0,4,1,6,4,4,0,0,0
19275645.5139195959,2020-12-01,3,10,mobile,google,organic,79.0,8,5,45,14,2,5,,0
50919330.4135170953,2020-12-01,3,16,mobile,google,organic,48.0,5,2,33,23,8,6,11,0
40787617.1411349210,2020-12-01,3,3,mobile,google,organic,32.0,1,1,3,1,2,0,0,0
3277099.1544751335,2020-12-01,3,18,mobile,google,organic,122.0,3,1,17,4,2,0,0,0
1964254355.8801701025,2020-12-01,3,23,mobile,google,organic,96.0,3,5,12,9,2,0,,0
2042006.9621869558,2020-12-01,3,19,mobile,google,organic,16.0,1,1,22,4,6,0,0,0
63610908.4449794079,2020-12-01,3,4,mobile,google,organic,44.0,1,1,5,0,2,0,,0
90374652.8048607690,2020-12-02,4,20,mobile,google,organic,71.0,3,4,45,15,8,0,12,0
1867943.5297361314,2020-12-02,4,12,mobile,google,organic,45.0,4,1,3,2,4,0,0,0
1663781.3078124746,2020-12-02,4,6,mobile,google,organic,273.0,18,4,23,19,2,0,0,1
1299576.0400218024,2020-12-02,4,7,mobile,google,organic,20.0,2,1,4,0,2,0,,0
80838445.3375614761,2020-12-02,4,14,mobile,google,organic,34.0,2,4,7,1,6,0,0,0
41025522.7163055341,2020-12-02,4,8,mobile,google,organic,587.0,12,1,38,5,10,0,0,1
8102096.9061340154,2020-12-02,4,4,mobile,<Other>,organic,91.0,6,2,21,16,4,0,1,0
2875615.9187615278,2020-12-03,5,22,mobile,google,organic,42.0,3,5,49,7,10,2,1,0
11766732.8000293665,2020-12-03,5,5,mobile,google,organic,66.0,4,1,12,8,2,0,0,0
9209369.0557021039,2020-12-03,5,12,mobile,google,organic,40.0,2,1,37,1,6,5,0,0
39863558.9837366701,2020-12-03,5,6,mobile,google,organic,7.0,5,3,11,13,4,0,0,0
83601101.4910877022,2020-12-03,5,9,mobile,<Other>,organic,40.0,1,1,0,0,4,0,0,0
1254234.7247356243,2020-12-03,5,6,mobile,google,organic,16.0,1,1,1,0,2,0,0,0
8958500.8855707284,2020-12-04,6,11,mobile,google,organic,29.0,1,1,0,0,2,0,0,0
5402723.9681886212,2020-12-04,6,18,mobile,google,organic,69.0,4,1,12,3,2,0,0,0
14118593.2627050105,2020-12-04,6,13,mobile,google,organic,15.0,2,1,3,4,4,0,0,0
3591282.5710466002,2020-12-04,6,18,mobile,google,organic,55.0,1,1,7,4,6,0,0,0
37858547.0848590713,2020-12-04,6,19,mobile,google,organic,61.0,3,7,39,18,2,0,,1
7483147.7826019574,2020-12-04,6,22,mobile,google,organic,32.0,1,1,12,8,4,0,0,0
47411552.9654999884,2020-12-04,6,12,mobile,google,organic,57.0,2,2,9,3,2,2,1,0
11804455.8043636728,2020-12-04,6,0,mobile,google,organic,14.0,1,1,3,0,2,0,,0
2272379.8750640009,2020-12-04,6,17,mobile,google,organic,177.0,12,2,45,13,8,0,0,0
2004878.6108556142,2020-12-04,6,8,mobile,google,organic,23.0,2,2,6,8,2,0,0,0
4939164.6753897903,2020-12-04,6,3,mobile,google,organic,55.0,1,1,1,0,6,0,0,0
8492573.4581422273,2020-12-04,6,13,mobile,google,organic,44.0,1,3,11,9,16,0,1,0
8435794.6872177111,2020-12-04,6,5,mobile,google,organic,99.0,3,6,36,6,4,0,10,1
19653803.6448556150,2020-12-04,6,4,mobile,google,organic,38.0,3,1,20,3,2,0,0,0
27849359.1629027567,2020-12-04,6,6,mobile,google,organic,60.0,1,2,5,2,2,0,4,0
4911454.7177220024,2020-12-05,7,22,mobile,google,organic,98.0,2,1,8,5,4,0,0,0
43265328.8204538553,2020-12-05,7,16,mobile,google,organic,44.0,3,1,3,4,2,0,0,0
52336592.9891124820,2020-12-05,7,20,mobile,google,organic,262.0,18,1,45,39,4,0,0,0
1019527.5799124267,2020-12-05,7,0,mobile,google,organic,44.0,7,1,23,7,2,0,0,0
26530628.3602362036,2020-12-05,7,5,mobile,google,organic,61.0,2,3,8,5,6,0,,0
80099261.3426524420,2020-12-05,7,10,mobile,google,organic,13.0,1,1,44,19,2,1,0,1
20672792.1203830043,2020-12-05,7,7,mobile,google,organic,145.0,4,1,15,8,2,0,0,0
78606650.1679620782,2020-12-05,7,20,mobile,google,organic,163.0,3,1,22,5,2,0,0,0
67748708.7656271112,2020-12-06,1,13,mobile,google,organic,12.0,1,2,7,4,4,0,0,0
3400627.9392975466,2020-12-06,1,17,mobile,google,organic,20.0,1,1,1,1,2,0,0,0
32231127.3526233643,2020-12-06,1,4,mobile,google,organic,17.0,1,2,4,1,5,0,13,0
4004380.6597524253,2020-12-06,1,17,mobile,google,organic,51.0,3,2,14,4,4,0,,0
30553401.5304743136,2020-12-06,1,9,mobile,google,organic,13.0,1,3,4,1,4,0,0,0
25335187.2299023217,2020-12-07,2,7,mobile,google,organic,275.0,5,1,3,7,2,0,0,1
77120175.8570057881,2020-12-07,2,23,mobile,google,organic,26.0,4,4,26,11,2,0,7,0
26218636.4439892320,2020-12-07,2,22,mobile,google,organic,175.0,7,1,23,10,4,0,0,0
40733555.3406191674,2020-12-07,2,10,mobile,google,organic,38.0,2,1,18,0,6,0,0,0
20777248.7133453876,2020-12-07,2,15,mobile,google,organic,36.0,3,1,3,3,2,0,0,0
4049303306.2165018214,2020-12-07,2,2,mobile,google,organic,30.0,3,12,24,0,2,0,,0
8078316166.4051385989,2020-12-07,2,1,mobile,google,organic,35.0,5,3,15,13,4,0,4,0
38120148.2885726823,2020-12-07,2,22,mobile,google,organic,223.0,6,2,18,9,6,1,17,0
90467623.9340009368,2020-12-07,2,15,mobile,google,organic,56.0,5,5,31,6,2,0,27,0
2676882.9156197037,2020-12-08,3,13,mobile,google,organic,44.0,1,3,4,2,2,0,4,0
8839256339.1323107592,2020-12-08,3,9,mobile,google,organic,167.0,6,2,37,3,4,0,0,0
8048203.9183206021,2020-12-08,3,3,mobile,google,organic,77.0,4,2,30,0,2,0,18,0
3969719.1370988267,2020-12-08,3,3,mobile,google,organic,82.0,4,1,18,11,2,0,0,0
4853857.3181516287,2020-12-08,3,14,mobile,google,organic,3.0,1,1,1,1,2,0,0,0
44356964.3056281867,2020-12-08,3,10,mobile,google,organic,168.0,5,1,19,17,6,2,0,0
28394349.8695847806,2020-12-08,3,17,mobile,google,organic,32.0,6,1,9,6,4,0,0,0
3376047.9128522886,2020-12-08,3,0,mobile,google,organic,14.0,1,1,12,3,2,0,0,0
6948517.7826846100,2020-12-09,4,2,mobile,google,organic,79.0,4,1,19,15,2,2,,0
97950097.5837353470,2020-12-09,4,12,mobile,google,organic,140.0,4,2,19,1,2,1,0,1
80398780.9551070781,2020-12-09,4,15,mobile,google,organic,110.0,3,1,14,1,2,0,0,0
44446265.4202947785,2020-12-09,4,7,mobile,google,organic,55.0,1,1,2,0,4,0,0,0
89978465.7775557150,2020-12-09,4,19,mobile,google,organic,46.0,2,1,28,19,8,0,0,0
4951824232.2987874402,2020-12-09,4,9,mobile,google,organic,166.0,5,4,37,3,2,0,0,0
5161034.1094954200,2020-12-09,4,3,mobile,google,organic,148.0,6,1,13,14,2,0,0,0
49204088.5414438728,2020-12-09,4,18,mobile,google,organic,142.0,13,6,42,32,16,0,,0
3233712.0355007382,2020-12-09,4,5,mobile,google,organic,109.0,3,1,23,20,4,2,0,0
76881246.6635124338,2020-12-09,4,8,mobile,<Other>,organic,96.0,7,1,18,18,4,0,,0
6946816.3841849120,2020-12-09,4,4,mobile,google,organic,58.0,3,1,29,10,4,0,0,0
80690641.6797441583,2020-12-09,4,22,mobile,<Other>,organic,10.0,1,1,4,1,4,0,0,0
5001471.2370722840,2020-12-09,4,21,mobile,google,organic,40.0,6,2,16,6,2,0,0,0
3846424.1179556219,2020-12-09,4,12,mobile,google,organic,22.0,5,1,49,0,6,1,0,1
34302730.6446909649,2020-12-09,4,17,mobile,google,organic,128.0,8,1,3,0,6,0,0,0
57746120.5810540778,2020-12-10,5,14,mobile,google,organic,20.0,5,1,23,7,12,0,0,0
54389014.0787674086,2020-12-10,5,9,mobile,google,organic,71.0,1,1,3,3,4,0,,0
4529327.1786171238,2020-12-10,5,1,mobile,google,organic,23.0,2,2,16,0,2,0,,0
5542571.2196139050,2020-12-10,5,22,mobile,google,organic,178.0,12,2,68,67,16,3,1,0
50471872.4769330494,2020-12-10,5,8,mobile,google,organic,35.0,2,1,4,0,2,0,0,0
16792960.6856169915,2020-12-10,5,22,mobile,google,organic,11.0,1,1,8,7,6,0,0,0
39887388.4118342505,2020-12-10,5,15,mobile,google,organic,87.0,8,1,60,4,6,0,0,0
60359955.7443344317,2020-12-10,5,10,mobile,google,organic,20.0,4,3,60,0,4,2,0,0
10111055.8768683862,2020-12-10,5,12,mobile,google,organic,94.0,3,1,7,4,2,0,0,0
61103004.4108922855,2020-12-10,5,1,mobile,google,organic,117.0,14,3,39,0,2,0,1,0
8407414.5461879117,2020-12-10,5,1,mobile,google,organic,41.0,1,4,21,9,4,0,11,0
7597932.2397600441,2020-12-11,6,2,mobile,google,organic,11.0,1,1,4,1,2,0,,0
21242720.7094333523,2020-12-11,6,8,mobile,google,organic,62.0,2,1,10,2,4,0,0,0
90997370.5306849276,2020-12-11,6,18,mobile,google,organic,64.0,2,3,20,4,6,0,4,1
7195744.3597932803,2020-12-11,6,21,mobile,google,organic,140.0,2,1,11,0,4,0,0,0
3698543.6654155044,2020-12-11,6,3,mobile,<Other>,organic,118.0,20,1,16,16,6,0,,1
92062493.3833471412,2020-12-11,6,22,mobile,google,organic,38.0,1,3,2,0,2,0,,0
9209938.5004119512,2020-12-11,6,5,mobile,google,organic,127.0,3,1,10,9,2,0,,1
8882998.2908489159,2020-12-11,6,9,mobile,google,organic,78.0,6,1,3,3,2,0,0,0
1186702.7722664257,2020-12-11,6,3,mobile,google,organic,13.0,1,2,2,0,6,0,0,0
3036743.2199967879,2020-12-11,6,21,mobile,google,organic,163.0,12,5,26,3,10,1,3,0
5084920.8860557208,2020-12-11,6,3,mobile,google,organic,292.0,37,1,38,50,2,0,,0
608996910.5910525740,2020-12-11,6,7,mobile,google,organic,30.0,2,1,6,2,2,0,0,0
2752308970.0692194532,2020-12-11,6,1,mobile,google,organic,102.0,6,2,50,0,2,0,2,0
7529108.3603947452,2020-12-11,6,12,mobile,google,organic,22.0,2,7,5,1,2,1,22,0
55823440.4699535570,2020-12-11,6,15,mobile,google,organic,40.0,5,3,105,25,12,35,6,0
4955405.5625257698,2020-12-11,6,22,mobile,google,organic,40.0,4,1,26,5,6,0,0,0
39866692.5262622897,2020-12-11,6,16,mobile,google,organic,38.0,2,2,9,1,6,0,0,0
5028681.2169404320,2020-12-11,6,7,mobile,google,organic,177.0,7,5,328,2,6,5,36,0
8626343.9684026120,2020-12-11,6,22,mobile,google,organic,96.0,3,5,23,2,6,0,22,1
50892470.6625582395,2020-12-12,7,6,mobile,google,organic,38.0,3,1,5,3,2,0,0,0
26025218.0052930242,2020-12-12,7,1,mobile,google,organic,46.0,1,2,16,2,6,0,17,0
16155597.9846906900,2020-12-12,7,15,mobile,<Other>,organic,16.0,1,3,22,2,4,0,0,0
89422277.7506860760,2020-12-12,7,6,mobile,google,organic,26.0,3,1,11,1,2,0,0,0
8436901.9520785109,2020-12-12,7,2,mobile,google,organic,55.0,1,2,10,2,6,0,0,0
84089063.5523557782,2020-12-12,7,10,mobile,google,organic,52.0,2,1,16,5,8,0,0,1
78364891.2854111719,2020-12-12,7,5,mobile,<Other>,organic,10.0,1,2,1,1,8,1,0,0
3959033.4213259227,2020-12-13,1,1,mobile,google,organic,48.0,1,1,6,1,4,0,0,0
5785039890.6302489421,2020-12-13,1,6,mobile,google,organic,129.0,12,1,44,21,8,0,0,0
91371020.6942239229,2020-12-13,1,2,mobile,google,organic,48.0,4,2,4,3,4,1,0,0
36262615.4677124061,2020-12-13,1,8,mobile,google,organic,44.0,1,1,2,0,2,0,0,0
18161607.9002799024,2020-12-13,1,21,mobile,google,organic,37.0,3,4,8,7,2,0,6,1
7963367.8049414844,2020-12-14,2,17,mobile,google,organic,17.0,1,1,2,2,4,0,0,0
83324589.4043967351,2020-12-14,2,10,mobile,google,organic,76.0,3,2,22,7,8,0,6,0
45812920.1745374710,2020-12-14,2,16,mobile,google,organic,66.0,10,5,40,11,2,0,4,0
8633997.7206561612,2020-12-14,2,6,mobile,google,organic,38.0,1,3,19,9,6,0,23,0
68610454.7061615878,2020-12-14,2,19,mobile,google,organic,35.0,2,1,12,1,4,1,0,0
7221347.4127394632,2020-12-14,2,14,mobile,google,organic,91.0,3,1,18,15,6,0,,1
78395480.3447267915,2020-12-14,2,11,mobile,google,organic,97.0,4,1,64,3,8,0,0,0
6435466.2212327811,2020-12-14,2,1,mobile,google,organic,46.0,2,1,10,1,2,0,0,0
21212846.2865668337,2020-12-15,3,0,mobile,google,organic,26.0,2,1,7,3,6,0,0,1
47377018.1786966867,2020-12-15,3,2,mobile,google,organic,21.0,2,1,4,2,2,2,0,0
1605564.2171778452,2020-12-15,3,1,mobile,google,organic,92.0,1,4,43,10,6,0,0,1
28569564.3821183207,2020-12-15,3,21,mobile,google,organic,67.0,3,2,11,15,4,0,6,0
88196645.5084915352,2020-12-15,3,17,mobile,google,organic,26.0,2,2,37,5,4,0,,0
81785259.9303843557,2020-12-15,3,22,mobile,google,organic,52.0,4,1,4,5,8,0,0,0
11429624.0505703180,2020-12-15,3,18,mobile,google,organic,90.0,2,9,19,21,2,0,,0
34251015.3672526882,2020-12-15,3,9,mobile,google,organic,125.0,5,1,92,11,4,0,0,0
5119225.7729574873,2020-12-15,3,14,mobile,google,organic,13.0,1,1,5,5,4,0,0,0
3732291.9617925883,2020-12-15,3,7,mobile,google,organic,60.0,6,2,17,10,2,0,0,0
13756133.7762491194,2020-12-15,3,1,mobile,google,organic,173.0,9,5,64,0,8,0,3,1
11739180.5119503910,2020-12-15,3,8,mobile,google,organic,61.0,2,1,2,2,4,1,0,0
11276007.4623855146,2020-12-16,4,15,mobile,google,organic,86.0,2,1,8,4,2,0,0,1
3181213.5173298187,2020-12-16,4,0,mobile,google,organic,16.0,1,4,6,2,4,0,,0
9195830.2305180932,2020-12-16,4,5,mobile,google,organic,55.0,1,1,11,0,4,1,0,0
28171746.6331452217,2020-12-16,4,22,mobile,google,organic,98.0,3,1,18,17,6,0,0,0
45452162.3941392032,2020-12-16,4,13,mobile,google,organic,141.0,6,4,124,9,8,0,11,0
26028748.6639337274,2020-12-16,4,6,mobile,google,organic,30.0,3,5,9,0,4,0,1,0
62015338.5335900578,2020-12-16,4,22,mobile,google,organic,24.0,1,1,2,1,2,0,0,0
42202949.1792651105,2020-12-16,4,22,mobile,google,organic,56.0,2,1,15,0,2,0,0,0
52931639.4509960949,2020-12-16,4,7,mobile,google,organic,80.0,2,1,1,1,6,0,0,0
23468969.8705339890,2020-12-16,4,12,mobile,<Other>,organic,44.0,1,1,29,0,6,0,0,1
67242982.0432343274,2020-12-16,4,17,mobile,google,organic,326.0,18,3,77,24,4,0,44,1
91825571.8059920508,2020-12-16,4,12,mobile,google,organic,14.0,1,1,19,0,4,0,0,0
1051154.0740172050,2020-12-17,5,19,mobile,google,organic,55.0,1,1,20,2,3,0,0,0
46104581.7287269838,2020-12-17,5,13,mobile,google,organic,62.0,5,3,67,3,10,0,1,1
4116825.4321746815,2020-12-17,5,0,mobile,google,organic,30.0,1,3,2,0,4,0,22,1
7738401.2659078427,2020-12-17,5,4,mobile,google,organic,10.0,2,1,7,1,2,0,0,0
69933106.8605034885,2020-12-17,5,11,mobile,<Other>,organic,94.0,3,1,7,7,2,0,0,0
90006388.1386753150,2020-12-17,5,9,mobile,google,organic,14.0,1,3,39,31,8,0,,0
35776748.8724446726,2020-12-17,5,9,mobile,google,organic,84.0,6,1,3,0,2,0,0,0
5061885.3794873804,2020-12-17,5,5,mobile,google,organic,48.0,2,3,22,4,2,0,0,0
8162222.7054678468,2020-12-17,5,22,mobile,google,organic,44.0,1,1,9,1,2,0,0,0
8403882324.8733646119,2020-12-17,5,12,mobile,<Other>,organic,60.0,5,3,48,29,9,0,0,0
58435410.6859710315,2020-12-17,5,3,mobile,google,organic,46.0,6,1,12,9,2,0,0,0
85089615.0421191291,2020-12-17,5,6,mobile,google,organic,176.0,7,6,54,28,8,0,9,0
71985328.5213385555,2020-12-18,6,4,mobile,google,organic,64.0,3,1,13,6,6,0,0,0
34337826.8589907777,2020-12-18,6,5,mobile,google,organic,79.0,2,1,2,2,4,0,0,0
6291077.4211780324,2020-12-18,6,23,mobile,google,organic,57.0,2,1,9,7,12,0,0,0
5998553.8301132552,2020-12-18,6,16,mobile,google,organic,16.0,1,1,1,1,6,0,0,0
61878973.9611156034,2020-12-18,6,9,mobile,google,organic,47.0,6,2,87,5,8,0,0,0
9271679.7821879014,2020-12-18,6,6,mobile,google,organic,70.0,1,1,1,2,3,0,0,0
1719446.5752948453,2020-12-18,6,19,mobile,google,organic,92.0,4,2,29,3,6,0,0,0
63336637.2279943127,2020-12-19,7,15,mobile,google,organic,108.0,2,5,37,4,3,0,14,0
1859363.5805703761,2020-12-19,7,1,mobile,google,organic,38.0,3,1,5,5,9,3,0,0
55931358.6296383621,2020-12-19,7,14,mobile,google,organic,15.0,1,1,3,0,3,1,0,0
69259915.5506299000,2020-12-20,1,15,mobile,google,organic,60.0,1,1,12,1,12,0,0,0
41668828.3934590990,2020-12-20,1,10,mobile,google,organic,37.0,1,1,1,0,3,0,0,0
42281226.0048478307,2020-12-20,1,13,mobile,google,organic,30.0,7,1,9,3,30,0,0,0
6507726.8917893919,2020-12-21,2,21,mobile,google,organic,16.0,1,4,10,1,6,0,0,0
2345933.9427223568,2020-12-21,2,16,mobile,<Other>,organic,55.0,1,1,13,3,3,0,0,0
43084392.6309586985,2020-12-21,2,11,mobile,google,organic,40.0,3,3,21,10,9,0,3,0
5044121.9570928383,2020-12-21,2,21,mobile,google,organic,63.0,1,1,1,0,3,0,0,0
5311007.5669893427,2020-12-22,3,3,mobile,google,organic,8.0,2,1,4,1,9,0,0,0
81316650.3622535312,2020-12-22,3,6,mobile,google,organic,41.0,1,6,20,3,15,0,4,0
7774428.3017818390,2020-12-22,3,1,mobile,google,organic,100.0,2,4,3,2,3,0,12,0
6095713.4538626752,2020-12-22,3,5,mobile,google,organic,111.0,9,5,32,9,3,0,21,0
4997326.4756259004,2020-12-23,4,0,mobile,google,organic,19.0,1,1,2,0,3,0,0,0
5379051.4217596849,2020-12-23,4,6,mobile,google,organic,30.0,1,3,3,1,9,0,4,0
62166305.8414280308,2020-12-23,4,22,mobile,google,organic,58.0,2,1,35,10,3,0,0,0
91266894.2688451102,2020-12-23,4,7,mobile,google,organic,24.0,2,1,33,32,9,0,0,1
11903760.9274306860,2020-12-23,4,22,mobile,google,organic,49.0,3,1,31,20,9,0,0,0
52894872.0536016864,2020-12-23,4,0,mobile,google,organic,6.0,1,1,8,7,18,0,0,0
3577806.2578587674,2020-12-23,4,9,mobile,google,organic,22.0,1,1,4,2,9,0,0,0
84505235.3811031418,2020-12-24,5,6,mobile,google,organic,26.0,2,1,3,6,6,3,0,0
3808964.8830918987,2020-12-25,6,13,mobile,google,organic,14.0,1,3,24,23,3,0,,0
1382276.2000605067,2020-12-26,7,19,mobile,google,organic,11.0,3,4,8,6,6,0,10,0
5573347986.2620254802,2020-12-26,7,8,mobile,google,organic,35.0,3,1,4,4,6,4,0,0
30548868.9557051666,2020-12-26,7,4,mobile,google,organic,17.0,1,1,7,0,6,0,0,0
60389702.2086129909,2020-12-26,7,19,mobile,google,organic,24.0,1,4,41,3,6,0,,0
5704909.7519367722,2020-11-12,5,12,mobile,shop.googlemerchandisestore.com,referral,28.0,2,4,16,0,4,0,10,1
61281438.1815337540,2020-11-12,5,16,mobile,shop.googlemerchandisestore.com,referral,97.0,3,3,10,0,2,0,0,0
9963542.3978980993,2020-11-12,5,21,mobile,shop.googlemerchandisestore.com,referral,82.0,34,2,22,0,4,0,0,1
58027853.8459267937,2020-11-12,5,2,mobile,shop.googlemerchandisestore.com,referral,55.0,1,2,2,0,1,0,,0
82950752.5128061216,2020-11-12,5,5,mobile,<Other>,referral,53.0,3,5,27,0,4,3,,0
33141529.9644469700,2020-11-12,5,12,mobile,shop.googlemerchandisestore.com,referral,21.0,11,1,20,0,4,2,0,0
1789139.4506132619,2020-11-12,5,18,mobile,shop.googlemerchandisestore.com,referral,38.0,2,2,11,0,4,0,,0
85948964.9264937278,2020-11-12,5,9,mobile,shop.googlemerchandisestore.com,referral,53.0,3,1,4,0,1,0,,0
3337025.1445600731,2020-11-12,5,22,mobile,shop.googlemerchandisestore.com,referral,28.0,2,4,18,0,2,8,1,0
7041469.0077640784,2020-11-13,6,8,mobile,shop.googlemerchandisestore.com,referral,38.0,2,1,5,0,8,0,,0
7940945.2925551216,2020-11-14,7,6,mobile,shop.googlemerchandisestore.com,referral,71.0,3,3,17,0,4,0,,0
78124649.1656587707,2020-11-14,7,15,mobile,shop.googlemerchandisestore.com,referral,80.0,6,7,28,0,2,0,4,0
10905693.2254980815,2020-11-14,7,20,mobile,<Other>,referral,28.0,1,3,11,0,2,0,,0
6717719.5371562480,2020-11-14,7,5,mobile,shop.googlemerchandisestore.com,referral,60.0,8,1,21,0,4,0,,0
46319929.6939274429,2020-11-15,1,12,mobile,shop.googlemerchandisestore.com,referral,52.0,3,2,36,0,8,1,,0
7491772.4402157850,2020-11-15,1,18,mobile,shop.googlemerchandisestore.com,referral,30.0,1,2,7,0,4,0,0,0
8985775.9464037855,2020-11-16,2,3,mobile,shop.googlemerchandisestore.com,referral,48.0,1,1,4,0,4,0,0,0
85169862.5219568589,2020-11-16,2,5,mobile,shop.googlemerchandisestore.com,referral,122.0,3,1,23,0,2,0,0,0
3432659.9858672821,2020-11-16,2,15,mobile,shop.googlemerchandisestore.com,referral,88.0,2,4,6,0,4,0,,1
3854148056.2149365655,2020-11-16,2,14,mobile,shop.googlemerchandisestore.com,referral,65.0,2,1,13,0,2,0,,0
27701936.3565936806,2020-11-16,2,4,mobile,shop.googlemerchandisestore.com,referral,211.0,9,1,22,0,2,0,0,0
2145702.3346455915,2020-11-16,2,13,mobile,<Other>,referral,48.0,2,4,19,0,4,0,8,0
5811878.7074429725,2020-11-17,3,7,mobile,shop.googlemerchandisestore.com,referral,39.0,2,1,3,1,4,0,,0
2027812590.3150467400,2020-11-17,3,7,mobile,<Other>,referral,27.0,2,1,4,2,2,0,0,0
7269989.2493768800,2020-11-17,3,7,mobile,shop.googlemerchandisestore.com,referral,23.0,7,2,28,2,12,0,0,0
69449470.6900964049,2020-11-18,4,14,mobile,shop.googlemerchandisestore.com,referral,35.0,2,5,27,53,4,13,7,0
88260882.4631526417,2020-11-18,4,6,mobile,shop.googlemerchandisestore.com,referral,13.0,1,3,2,2,5,0,,0
71727250.2189553207,2020-11-18,4,20,mobile,shop.googlemerchandisestore.com,referral,61.0,1,2,23,0,2,0,,0
5561956.8525640382,2020-11-19,5,13,mobile,shop.googlemerchandisestore.com,referral,97.0,5,3,13,0,2,0,,0
62220268.4064155620,2020-11-19,5,15,mobile,shop.googlemerchandisestore.com,referral,44.0,1,1,4,0,2,0,,0
6628033917.0193794826,2020-11-19,5,23,mobile,<Other>,referral,48.0,1,3,7,0,4,0,8,1
55800996.4365989462,2020-11-19,5,19,mobile,<Other>,referral,62.0,7,1,61,0,3,0,0,0
61577291.2144566004,2020-11-20,6,13,mobile,shop.googlemerchandisestore.com,referral,106.0,5,2,11,0,2,0,9,0
8263478975.0153803823,2020-11-20,6,5,mobile,<Other>,referral,130.0,30,1,4,0,2,0,0,0
81646599.9766401752,2020-11-20,6,11,mobile,shop.googlemerchandisestore.com,referral,47.0,4,1,49,0,6,0,0,0
8156121.2108613531,2020-11-20,6,15,mobile,<Other>,referral,59.0,3,3,22,0,3,0,1,0
3041494.0908353891,2020-11-20,6,8,mobile,<Other>,referral,82.0,3,4,19,0,7,1,17,0
30220372.7620678894,2020-11-20,6,16,mobile,<Other>,referral,323.0,36,3,9,0,4,0,2,0
3442489.8686924691,2020-11-21,7,7,mobile,<Other>,referral,48.0,1,2,3,0,3,0,0,0
3438183.9839922441,2020-11-22,1,7,mobile,shop.googlemerchandisestore.com,referral,18.0,2,2,2,0,1,0,0,0
3060385.8652779159,2020-11-23,2,13,mobile,shop.googlemerchandisestore.com,referral,28.0,2,1,17,0,2,0,,0
52565741.6337681069,2020-11-23,2,18,mobile,<Other>,referral,30.0,1,1,1,0,1,0,,0
7653885.7449557450,2020-11-23,2,3,mobile,<Other>,referral,37.0,2,1,6,0,4,2,0,0
48907950.3864926902,2020-11-24,3,21,mobile,shop.googlemerchandisestore.com,referral,83.0,6,2,46,0,1,0,,0
3560826.6054676225,2020-11-24,3,19,mobile,<Other>,referral,5.0,2,1,10,0,8,3,0,0
84173583.3434006051,2020-11-24,3,16,mobile,<Other>,referral,17.0,2,2,17,0,4,0,0,0
29973724.4702575659,2020-11-24,3,13,mobile,shop.googlemerchandisestore.com,referral,73.0,6,3,16,0,1,0,15,0
10828522.4098051399,2020-11-24,3,14,mobile,<Other>,referral,63.0,3,1,8,0,2,0,0,0
8729822.7526838334,2020-11-24,3,19,mobile,<Other>,referral,67.0,5,2,12,0,2,0,20,0
6513698.9723353874,2020-11-24,3,0,mobile,shop.googlemerchandisestore.com,referral,133.0,10,2,22,0,3,0,,0
22958599.0567519404,2020-11-24,3,2,mobile,shop.googlemerchandisestore.com,referral,20.0,1,2,3,0,2,0,0,0
24406398.9461098819,2020-11-24,3,1,mobile,<Other>,referral,18.0,2,1,8,0,3,0,0,0
2211286.4172337240,2020-11-24,3,19,mobile,<Other>,referral,22.0,1,1,1,0,3,0,0,1
7766490.6944439767,2020-11-24,3,21,mobile,<Other>,referral,24.0,2,5,25,0,1,1,0,0
49060364.7793501464,2020-11-25,4,17,mobile,shop.googlemerchandisestore.com,referral,48.0,9,10,90,0,3,5,,0
1415699.2356865981,2020-11-25,4,20,mobile,shop.googlemerchandisestore.com,referral,265.0,13,2,30,11,2,1,0,1
56969245.0794104270,2020-11-25,4,8,mobile,shop.googlemerchandisestore.com,referral,89.0,7,3,15,0,4,0,4,0
38282273.1536713376,2020-11-25,4,7,mobile,<Other>,referral,29.0,2,2,30,0,1,0,16,0
18614512.0976220226,2020-11-25,4,2,mobile,<Other>,referral,133.0,4,1,21,0,1,0,,0
8674320.3968322986,2020-11-25,4,7,mobile,<Other>,referral,16.0,1,3,11,0,5,0,1,0
26146640.6553848001,2020-11-25,4,8,mobile,shop.googlemerchandisestore.com,referral,147.0,4,3,22,0,1,3,1,0
5973523.5114607466,2020-11-25,4,12,mobile,shop.googlemerchandisestore.com,referral,159.0,23,8,41,0,2,0,1,0
6924972.3117240095,2020-11-25,4,17,mobile,shop.googlemerchandisestore.com,referral,35.0,2,4,15,0,10,0,2,1
42828842.6548813455,2020-11-26,5,1,mobile,<Other>,referral,30.0,1,2,4,0,1,0,9,0
28182246.9243158427,2020-11-26,5,8,mobile,shop.googlemerchandisestore.com,referral,29.0,1,1,0,0,2,0,0,1
1550859.5605002123,2020-11-26,5,23,mobile,<Other>,referral,65.0,2,5,6,2,1,0,,0
6044179.9713391423,2020-11-26,5,14,mobile,<Other>,referral,30.0,1,3,8,3,1,0,,0
8974847.1466317161,2020-11-27,6,22,mobile,shop.googlemerchandisestore.com,referral,66.0,2,1,6,9,1,0,,1
22809713.5594396469,2020-11-27,6,13,mobile,<Other>,referral,72.0,3,4,5,3,1,1,14,0
72273077.0200111080,2020-11-27,6,6,mobile,shop.googlemerchandisestore.com,referral,79.0,1,2,9,3,2,0,2,1
7970363.0321929359,2020-11-27,6,15,mobile,shop.googlemerchandisestore.com,referral,126.0,7,2,35,9,4,0,,0
38358825.7762836486,2020-11-27,6,4,mobile,shop.googlemerchandisestore.com,referral,30.0,1,1,2,3,1,0,,0
6503894.5603898018,2020-11-27,6,18,mobile,<Other>,referral,16.0,7,1,4,4,1,0,0,0
30498398.9352285320,2020-11-28,7,18,mobile,shop.googlemerchandisestore.com,referral,30.0,1,1,3,1,1,2,0,0
1112480.2331977019,2020-11-28,7,3,mobile,<Other>,referral,58.0,2,1,2,2,1,0,0,1
6080877.8085762728,2020-11-28,7,0,mobile,<Other>,referral,23.0,3,1,3,4,1,0,,0
1300033.4750122266,2020-11-28,7,5,mobile,shop.googlemerchandisestore.com,referral,64.0,3,1,29,3,2,0,0,0
82626745.7161424218,2020-11-28,7,16,mobile,shop.googlemerchandisestore.com,referral,30.0,1,8,15,0,2,0,21,0
75449906.0465740489,2020-11-28,7,3,mobile,<Other>,referral,85.0,2,7,21,0,1,0,,0
3441773.4810399029,2020-11-28,7,14,mobile,<Other>,referral,41.0,1,1,8,0,2,3,0,0
5050584.3771338630,2020-11-29,1,22,mobile,<Other>,referral,24.0,2,1,10,4,18,0,0,1
7688722.6706829800,2020-11-29,1,5,mobile,<Other>,referral,61.0,8,2,23,16,1,0,,1
63999151.9872059715,2020-11-30,2,16,mobile,shop.googlemerchandisestore.com,referral,93.0,7,1,20,10,8,5,0,0
84404754.7597435906,2020-11-30,2,15,mobile,shop.googlemerchandisestore.com,referral,70.0,2,1,6,4,4,0,0,0
3211830.1153763654,2020-11-30,2,23,mobile,<Other>,referral,174.0,6,1,21,11,2,0,0,0
60912152.9190191451,2020-11-30,2,4,mobile,<Other>,referral,14.0,1,2,12,0,1,0,,0
56058107.1090429889,2020-11-30,2,18,mobile,shop.googlemerchandisestore.com,referral,88.0,2,3,6,2,2,0,3,0
28250200.9798495385,2020-11-30,2,13,mobile,shop.googlemerchandisestore.com,referral,134.0,8,2,18,1,4,0,1,0
14427748.6131716710,2020-11-30,2,5,mobile,<Other>,referral,70.0,2,3,10,5,3,0,3,0
55859279.1828704348,2020-11-30,2,15,mobile,<Other>,referral,104.0,3,3,22,16,2,4,,0
4327707.3138884195,2020-11-30,2,18,mobile,shop.googlemerchandisestore.com,referral,37.0,3,3,11,6,4,1,,0
2873862.9309388718,2020-11-30,2,5,mobile,shop.googlemerchandisestore.com,referral,70.0,4,1,46,5,6,0,,1
43719217.6938465168,2020-11-30,2,14,mobile,<Other>,referral,24.0,1,2,1,1,4,0,0,0
9992779.7021507317,2020-11-30,2,19,mobile,shop.googlemerchandisestore.com,referral,20.0,1,1,15,1,6,0,0,1
26822369.2318540291,2020-11-30,2,4,mobile,<Other>,referral,156.0,6,2,42,3,4,0,13,1
89838993.1618154078,2020-11-30,2,4,mobile,<Other>,referral,17.0,2,1,0,0,4,0,,0
76640124.2117888713,2020-12-01,3,2,mobile,shop.googlemerchandisestore.com,referral,71.0,1,3,2,1,2,0,0,0
1989417.5184999300,2020-12-01,3,3,mobile,<Other>,referral,70.0,3,1,8,2,2,0,,0
57810963.2944308437,2020-12-01,3,20,mobile,shop.googlemerchandisestore.com,referral,182.0,5,1,24,0,6,0,,0
4057844.0148876553,2020-12-01,3,2,mobile,<Other>,referral,36.0,5,1,14,5,4,4,0,0
4060012085.8130998558,2020-12-01,3,11,mobile,shop.googlemerchandisestore.com,referral,30.0,1,2,9,3,4,0,0,0
68441141.3197623367,2020-12-01,3,0,mobile,shop.googlemerchandisestore.com,referral,183.0,5,7,46,13,14,0,7,1
7356019.3663162103,2020-12-01,3,16,mobile,<Other>,referral,80.0,4,3,21,20,8,1,1,0
41795773.8713685819,2020-12-02,4,21,mobile,<Other>,referral,48.0,4,1,4,5,2,0,0,0
56647918.6347686533,2020-12-02,4,22,mobile,shop.googlemerchandisestore.com,referral,33.0,2,2,14,3,4,0,0,0
18516773.0126593666,2020-12-02,4,22,mobile,shop.googlemerchandisestore.com,referral,22.0,2,3,6,7,4,1,0,0
3118737.2160667978,2020-12-02,4,16,mobile,<Other>,referral,146.0,4,3,28,13,4,0,1,0
5924938.3864146348,2020-12-03,5,6,mobile,<Other>,referral,32.0,1,5,17,1,5,0,,0
83157887.0994542092,2020-12-03,5,1,mobile,shop.googlemerchandisestore.com,referral,100.0,5,2,16,18,12,0,,0
5477784.8158497690,2020-12-03,5,11,mobile,shop.googlemerchandisestore.com,referral,52.0,3,1,9,0,4,0,,0
9137360.0374794753,2020-12-03,5,16,mobile,<Other>,referral,46.0,1,1,2,0,2,0,0,0
2917534.5056390033,2020-12-03,5,3,mobile,<Other>,referral,83.0,9,1,13,5,4,1,,0
14288415.9138667516,2020-12-03,5,12,mobile,shop.googlemerchandisestore.com,referral,40.0,5,1,1,2,4,0,,0
6057124.3899926429,2020-12-03,5,15,mobile,shop.googlemerchandisestore.com,referral,14.0,1,7,19,1,5,0,9,0
91772028.3346381707,2020-12-03,5,22,mobile,shop.googlemerchandisestore.com,referral,55.0,7,4,13,5,4,0,13,0
4181862.5710073931,2020-12-03,5,14,mobile,<Other>,referral,14.0,1,2,30,0,4,15,,1
7387564.3877787270,2020-12-03,5,11,mobile,shop.googlemerchandisestore.com,referral,34.0,2,2,22,1,5,1,22,1
8354945.6306403663,2020-12-04,6,6,mobile,shop.googlemerchandisestore.com,referral,72.0,3,6,44,4,6,0,,1
7122244.8452189284,2020-12-04,6,20,mobile,shop.googlemerchandisestore.com,referral,63.0,3,3,48,36,2,0,,0
77715782.6700264816,2020-12-04,6,13,mobile,<Other>,referral,41.0,3,7,71,12,8,5,6,0
46234784.3243120445,2020-12-04,6,12,mobile,shop.googlemerchandisestore.com,referral,139.0,4,3,21,4,2,0,0,0
22638210.8808133147,2020-12-04,6,6,mobile,<Other>,referral,46.0,5,7,48,18,10,9,12,0
46252928.2409079037,2020-12-04,6,21,mobile,<Other>,referral,160.0,15,3,15,10,8,0,,0
37200331.0541488328,2020-12-04,6,12,mobile,shop.googlemerchandisestore.com,referral,74.0,2,4,6,0,2,0,0,0
78492870.6468912978,2020-12-04,6,10,mobile,<Other>,referral,15.0,2,3,8,3,4,0,0,0
33154801.3376023064,2020-12-04,6,11,mobile,shop.googlemerchandisestore.com,referral,129.0,3,4,14,12,6,0,5,0
44827519.0721046563,2020-12-04,6,13,mobile,<Other>,referral,11.0,2,3,9,8,10,0,0,0
13920649.2254386208,2020-12-05,7,3,mobile,shop.googlemerchandisestore.com,referral,39.0,2,1,4,2,6,0,0,0
29066864.4014292306,2020-12-05,7,19,mobile,shop.googlemerchandisestore.com,referral,38.0,1,4,5,0,4,0,1,1
4722225.2022353473,2020-12-05,7,4,mobile,shop.googlemerchandisestore.com,referral,30.0,1,1,1,0,4,0,,0
57032373.6609455190,2020-12-05,7,20,mobile,<Other>,referral,69.0,3,6,34,7,10,0,2,0
77375656.7088433360,2020-12-05,7,4,mobile,shop.googlemerchandisestore.com,referral,44.0,2,2,9,11,6,0,0,0
26661028.3315613037,2020-12-05,7,9,mobile,<Other>,referral,119.0,3,1,18,19,2,0,0,1
3823171539.6208242596,2020-12-05,7,11,mobile,<Other>,referral,136.0,3,3,46,3,2,0,1,0
19776395.6991230845,2020-12-05,7,14,mobile,<Other>,referral,73.0,3,1,4,4,6,0,0,0
30108151.5867560201,2020-12-06,1,13,mobile,shop.googlemerchandisestore.com,referral,24.0,1,3,19,3,10,0,3,0
1686851.2728488495,2020-12-06,1,12,mobile,<Other>,referral,54.0,5,1,10,3,4,0,0,0
60647402.4295237276,2020-12-06,1,6,mobile,shop.googlemerchandisestore.com,referral,14.0,1,3,3,0,6,0,0,0
89270935.6212519018,2020-12-07,2,20,mobile,<Other>,referral,8.0,3,3,12,5,2,0,0,0
41365261.9493282861,2020-12-07,2,15,mobile,<Other>,referral,8.0,2,1,0,0,4,0,0,0
56556427.1030557935,2020-12-07,2,23,mobile,<Other>,referral,46.0,8,1,17,7,2,0,0,0
7889953.7669030217,2020-12-07,2,12,mobile,<Other>,referral,46.0,2,5,13,6,2,0,13,0
6086858.9440406777,2020-12-07,2,22,mobile,<Other>,referral,25.0,2,3,39,1,3,3,,0
24070954.9186532223,2020-12-07,2,18,mobile,shop.googlemerchandisestore.com,referral,32.0,1,3,28,0,2,0,0,1
4108803108.5870431970,2020-12-07,2,9,mobile,shop.googlemerchandisestore.com,referral,66.0,10,3,17,6,2,0,4,1
53675399.0091092182,2020-12-07,2,21,mobile,<Other>,referral,24.0,1,1,2,2,4,1,,1
52272156.5892056410,2020-12-07,2,18,mobile,shop.googlemerchandisestore.com,referral,44.0,1,3,6,0,6,0,2,0
8086948.1354933724,2020-12-08,3,3,mobile,<Other>,referral,176.0,9,5,60,3,12,0,3,0
79553165.4071602117,2020-12-08,3,0,mobile,shop.googlemerchandisestore.com,referral,65.0,2,4,9,3,2,0,35,0
6020319.3841039807,2020-12-08,3,10,mobile,shop.googlemerchandisestore.com,referral,29.0,3,5,19,12,12,0,5,0
7709361184.1393664585,2020-12-08,3,0,mobile,shop.googlemerchandisestore.com,referral,166.0,7,2,61,7,6,0,0,0
52407464.0313773688,2020-12-08,3,21,mobile,shop.googlemerchandisestore.com,referral,30.0,1,5,4,0,4,0,28,0
73744073.0825120998,2020-12-08,3,16,mobile,shop.googlemerchandisestore.com,referral,60.0,2,4,35,15,2,4,27,1
47489797.9423500206,2020-12-08,3,10,mobile,shop.googlemerchandisestore.com,referral,30.0,1,2,6,3,4,0,0,0
3694504.8835378753,2020-12-08,3,23,mobile,<Other>,referral,41.0,1,4,10,0,6,1,25,0
6849736.6701665513,2020-12-09,4,19,mobile,<Other>,referral,48.0,2,1,10,5,2,0,,0
16742325.1460084940,2020-12-09,4,7,mobile,shop.googlemerchandisestore.com,referral,11.0,1,2,8,2,16,0,20,1
13364975.1358294130,2020-12-09,4,19,mobile,shop.googlemerchandisestore.com,referral,66.0,3,2,4,4,2,0,0,0
73788836.6647022716,2020-12-09,4,18,mobile,<Other>,referral,25.0,2,2,6,1,4,0,,0
46864690.7092927333,2020-12-09,4,1,mobile,<Other>,referral,28.0,1,1,10,2,2,0,0,0
3175490.8020123919,2020-12-09,4,20,mobile,shop.googlemerchandisestore.com,referral,376.0,20,7,4,6,14,1,1,0
4976040.5511752417,2020-12-09,4,22,mobile,shop.googlemerchandisestore.com,referral,228.0,9,3,214,29,4,0,8,0
74208315.1089315761,2020-12-10,5,14,mobile,shop.googlemerchandisestore.com,referral,345.0,8,10,71,0,10,0,30,0
3006717593.4039698577,2020-12-10,5,4,mobile,shop.googlemerchandisestore.com,referral,101.0,7,4,15,10,6,0,0,0
73478648.4870101641,2020-12-10,5,20,mobile,shop.googlemerchandisestore.com,referral,12.0,1,2,4,1,2,0,,1
5278589.0330428155,2020-12-10,5,16,mobile,<Other>,referral,32.0,1,8,24,2,12,5,10,0
51071588.2298808294,2020-12-10,5,23,mobile,shop.googlemerchandisestore.com,referral,43.0,4,1,36,16,12,0,0,0
7021233.6876778352,2020-12-10,5,1,mobile,shop.googlemerchandisestore.com,referral,79.0,1,6,18,2,6,2,16,0
4769532.2724009973,2020-12-10,5,19,mobile,<Other>,referral,23.0,2,2,17,3,5,0,13,1
16851116.6419517132,2020-12-10,5,22,mobile,<Other>,referral,6.0,1,5,7,4,14,0,7,1
1353275.7298249705,2020-12-10,5,10,mobile,<Other>,referral,34.0,2,1,2,3,4,0,0,0
3958978.4221705170,2020-12-10,5,9,mobile,shop.googlemerchandisestore.com,referral,36.0,1,2,4,0,4,0,0,0
85295549.1924048301,2020-12-10,5,17,mobile,shop.googlemerchandisestore.com,referral,23.0,3,4,14,0,4,0,5,0
2779060.1573947955,2020-12-11,6,22,mobile,<Other>,referral,14.0,1,4,65,0,6,1,16,0
1486195554.5255114980,2020-12-11,6,19,mobile,shop.googlemerchandisestore.com,referral,66.0,3,3,66,9,2,0,,1
7531411.0671848095,2020-12-11,6,4,mobile,<Other>,referral,86.0,7,1,11,8,2,0,0,0
4414871.1268073864,2020-12-11,6,8,mobile,<Other>,referral,13.0,1,1,1,0,6,0,0,0
5237164.5029724872,2020-12-11,6,1,mobile,shop.googlemerchandisestore.com,referral,140.0,6,1,15,18,2,0,,0
14297973.3454104875,2020-12-11,6,4,mobile,<Other>,referral,90.0,6,2,25,3,4,0,0,0
30278968.0133142697,2020-12-11,6,11,mobile,shop.googlemerchandisestore.com,referral,46.0,2,2,10,6,4,2,,0
3704982.3846524796,2020-12-11,6,14,mobile,shop.googlemerchandisestore.com,referral,51.0,2,1,9,2,2,0,,0
9692619.6154700763,2020-12-11,6,6,mobile,shop.googlemerchandisestore.com,referral,77.0,6,1,20,8,2,0,0,0
67563681.8255702488,2020-12-11,6,2,mobile,<Other>,referral,52.0,2,4,11,4,4,0,27,0
2097946.4286419562,2020-12-11,6,21,mobile,<Other>,referral,34.0,3,5,33,11,2,0,,1
3939504.5647002823,2020-12-11,6,11,mobile,shop.googlemerchandisestore.com,referral,31.0,4,1,28,0,2,0,0,0
80057143.0865341279,2020-12-12,7,1,mobile,shop.googlemerchandisestore.com,referral,62.0,2,1,44,22,8,0,0,0
68350783.9251558329,2020-12-12,7,10,mobile,<Other>,referral,112.0,5,5,41,11,8,0,39,0
37953752.8813178816,2020-12-12,7,0,mobile,shop.googlemerchandisestore.com,referral,8.0,1,7,3,0,8,0,31,0
8273908566.5473390997,2020-12-12,7,1,mobile,shop.googlemerchandisestore.com,referral,117.0,16,3,100,69,4,8,0,0
1326058.1494076845,2020-12-12,7,5,mobile,<Other>,referral,99.0,1,1,15,0,2,0,0,0
46010751.7411577969,2020-12-12,7,1,mobile,shop.googlemerchandisestore.com,referral,46.0,1,2,12,0,4,0,1,0
1341255108.8994929707,2020-12-13,1,18,mobile,shop.googlemerchandisestore.com,referral,50.0,1,1,16,4,4,0,,0
7569765.1116906393,2020-12-13,1,15,mobile,<Other>,referral,38.0,3,4,33,14,4,0,26,0
3194418462.2485419407,2020-12-13,1,0,mobile,<Other>,referral,107.0,7,3,34,29,3,0,13,0
4022774245.7650545822,2020-12-13,1,15,mobile,shop.googlemerchandisestore.com,referral,122.0,4,1,39,1,4,0,0,1
6948012.9754264018,2020-12-14,2,14,mobile,<Other>,referral,83.0,3,1,34,0,2,0,0,0
53168426.9247441890,2020-12-14,2,22,mobile,shop.googlemerchandisestore.com,referral,176.0,6,4,41,13,4,0,12,0
68241082.4024244172,2020-12-14,2,20,mobile,shop.googlemerchandisestore.com,referral,12.0,2,2,22,13,10,0,0,0
60280907.5030142759,2020-12-14,2,17,mobile,shop.googlemerchandisestore.com,referral,28.0,1,2,1,1,2,0,0,0
3776548.7070412643,2020-12-14,2,11,mobile,<Other>,referral,32.0,4,4,39,11,6,0,4,0
38411914.4791743908,2020-12-14,2,9,mobile,<Other>,referral,61.0,3,5,46,39,6,0,9,0
3670839.0267796655,2020-12-14,2,0,mobile,shop.googlemerchandisestore.com,referral,26.0,2,1,26,14,2,0,,0
11509726.0727055406,2020-12-14,2,22,mobile,shop.googlemerchandisestore.com,referral,151.0,6,2,27,18,6,0,5,1
4930396.5461821948,2020-12-14,2,6,mobile,<Other>,referral,24.0,1,1,3,0,4,0,0,0
66036121.7799299870,2020-12-14,2,14,mobile,shop.googlemerchandisestore.com,referral,305.0,11,2,12,11,2,0,2,0
6154769.0714961304,2020-12-15,3,7,mobile,shop.googlemerchandisestore.com,referral,24.0,3,5,31,17,12,5,0,0
1513854.4372984826,2020-12-15,3,14,mobile,shop.googlemerchandisestore.com,referral,79.0,1,2,0,0,8,0,0,0
55847223.9986381572,2020-12-15,3,5,mobile,shop.googlemerchandisestore.com,referral,78.0,2,6,17,6,12,0,6,0
3275662.1589628371,2020-12-15,3,18,mobile,<Other>,referral,46.0,1,1,5,1,6,0,0,0
7242688.0843867208,2020-12-16,4,12,mobile,shop.googlemerchandisestore.com,referral,92.0,1,5,5,2,2,0,19,1
49354846.0718560012,2020-12-16,4,4,mobile,<Other>,referral,24.0,1,2,10,5,2,0,1,0
4709275.8875557274,2020-12-16,4,10,mobile,shop.googlemerchandisestore.com,referral,27.0,3,3,16,6,2,0,4,0
71766434.3843515045,2020-12-16,4,13,mobile,shop.googlemerchandisestore.com,referral,32.0,2,8,27,3,2,0,27,0
18562126.1110896765,2020-12-16,4,5,mobile,shop.googlemerchandisestore.com,referral,30.0,1,5,28,7,10,0,1,1
62041179.6162419229,2020-12-16,4,14,mobile,<Other>,referral,207.0,19,2,48,0,2,0,7,0
7748359.5667737603,2020-12-16,4,10,mobile,shop.googlemerchandisestore.com,referral,219.0,25,5,15,6,19,4,,0
15689194.2101305412,2020-12-16,4,23,mobile,<Other>,referral,32.0,2,8,8,4,4,0,29,0
7670494.0367304220,2020-12-17,5,8,mobile,shop.googlemerchandisestore.com,referral,78.0,2,4,9,1,6,2,7,1
1621120.1060958458,2020-12-17,5,10,mobile,shop.googlemerchandisestore.com,referral,346.0,18,8,67,2,22,0,12,1
16244779.6271795162,2020-12-17,5,5,mobile,shop.googlemerchandisestore.com,referral,30.0,1,4,12,3,10,0,2,0
2387737.8440654529,2020-12-17,5,16,mobile,<Other>,referral,24.0,12,1,24,1,3,0,0,1
37409739.2479799624,2020-12-17,5,3,mobile,shop.googlemerchandisestore.com,referral,100.0,3,10,45,2,4,0,,0
80824150.8927513505,2020-12-17,5,7,mobile,<Other>,referral,60.0,1,2,14,0,2,0,2,0
79374863.6543228947,2020-12-17,5,17,mobile,shop.googlemerchandisestore.com,referral,44.0,6,3,25,18,2,0,7,0
20037471.8988089326,2020-12-18,6,8,mobile,shop.googlemerchandisestore.com,referral,44.0,1,7,26,0,9,0,28,1
5244179.4867323211,2020-12-18,6,2,mobile,shop.googlemerchandisestore.com,referral,362.0,14,8,33,10,2,0,14,0
86949711.6238778520,2020-12-18,6,15,mobile,shop.googlemerchandisestore.com,referral,27.0,3,3,45,2,9,4,1,1
62739166.8660781806,2020-12-18,6,20,mobile,<Other>,referral,184.0,13,3,118,46,12,0,0,0
14490611.1661326108,2020-12-19,7,3,mobile,<Other>,referral,48.0,1,1,5,1,3,0,0,0
80017305.4643797115,2020-12-19,7,2,mobile,shop.googlemerchandisestore.com,referral,39.0,5,2,35,26,15,0,0,0
39049984.4198737878,2020-12-19,7,10,mobile,<Other>,referral,138.0,4,1,23,15,3,0,,1
7418203637.9546219861,2020-12-19,7,11,mobile,<Other>,referral,24.0,1,1,6,0,3,0,0,0
8563672023.4470210271,2020-12-20,1,10,mobile,<Other>,referral,91.0,6,1,37,25,6,0,0,0
4231129.5913164697,2020-12-20,1,0,mobile,<Other>,referral,16.0,1,2,2,0,9,0,3,0
27150223.0167628853,2020-12-21,2,16,mobile,<Other>,referral,10.0,1,1,19,6,6,0,0,1
36156512.6793363107,2020-12-22,3,13,mobile,shop.googlemerchandisestore.com,referral,15.0,1,2,3,1,6,0,0,0
6295459.5314511143,2020-12-22,3,7,mobile,<Other>,referral,68.0,3,1,19,12,3,0,,0
3232772.8900017776,2020-12-22,3,5,mobile,shop.googlemerchandisestore.com,referral,113.0,5,2,65,4,3,1,4,0
65476879.2983809506,2020-12-22,3,8,mobile,shop.googlemerchandisestore.com,referral,35.0,4,4,10,4,3,0,28,0
86522586.9268325271,2020-12-22,3,19,mobile,<Other>,referral,40.0,2,1,2,2,3,0,0,0
4730992.8722407824,2020-12-22,3,0,mobile,shop.googlemerchandisestore.com,referral,62.0,2,2,66,1,9,8,,0
1669048.7348890098,2020-12-23,4,11,mobile,shop.googlemerchandisestore.com,referral,41.0,4,8,27,15,3,0,,0
70008639.1042474260,2020-12-23,4,0,mobile,shop.googlemerchandisestore.com,referral,42.0,3,1,49,28,3,0,0,0
28905204.2373409713,2020-12-23,4,4,mobile,<Other>,referral,73.0,4,1,17,1,6,0,0,0
79568568.3792342532,2020-12-23,4,14,mobile,shop.googlemerchandisestore.com,referral,53.0,5,4,22,0,3,0,6,0
89509806.8702117822,2020-12-23,4,4,mobile,shop.googlemerchandisestore.com,referral,48.0,1,4,8,1,3,0,5,0
8214299.2030521634,2020-12-24,5,17,mobile,<Other>,referral,120.0,1,2,20,1,6,0,0,0
8992749.5867986999,2020-12-25,6,22,mobile,<Other>,referral,26.0,1,2,1,1,9,0,0,0
17494077.2658372366,2020-12-25,6,17,mobile,shop.googlemerchandisestore.com,referral,45.0,1,2,66,0,6,1,9,1
40059472.6231450399,2020-12-25,6,14,mobile,shop.googlemerchandisestore.com,referral,30.0,9,1,26,12,12,5,0,0
13965501.3079306644,2020-11-25,4,7,tablet,(data deleted),(data deleted),61.0,2,4,22,0,2,0,,0
3237193.2779307989,2020-11-27,6,3,tablet,(data deleted),(data deleted),76.0,3,1,25,1,3,0,,0
9147324811.3340748180,2020-12-02,4,23,tablet,(data deleted),(data deleted),63.0,1,2,20,9,2,0,9,0
3625042.1265230738,2020-12-02,4,2,tablet,(data deleted),(data deleted),18.0,1,3,10,9,4,0,0,0
85703325.9682407551,2020-12-06,1,11,tablet,(data deleted),(data deleted),20.0,3,4,17,4,2,1,2,0
5051981.5649537648,2020-12-16,4,18,tablet,(data deleted),(data deleted),100.0,3,4,25,4,4,0,1,0
2232278.4300512401,2020-12-24,5,0,tablet,(data deleted),(data deleted),25.0,4,4,35,32,6,0,5,0
80041864.0490284375,2020-11-16,2,23,tablet,(direct),(none),34.0,5,1,14,0,2,0,0,0
30393122.5908151107,2020-11-16,2,5,tablet,(direct),(none),40.0,2,3,23,0,4,0,2,0
56660152.7616232682,2020-11-21,7,9,tablet,(direct),(none),22.0,2,1,6,0,1,0,0,0
3314192.6404289351,2020-11-26,5,21,tablet,(direct),(none),55.0,1,2,1,0,1,0,,0
2073739361.5459460949,2020-11-29,1,10,tablet,(direct),(none),34.0,3,2,5,1,1,0,,0
1739571105.5692727677,2020-12-01,3,11,tablet,(direct),(none),62.0,3,1,7,10,2,0,0,0
27980720.8947731814,2020-12-04,6,19,tablet,(direct),(none),76.0,3,2,28,7,2,0,0,0
25314370.6701468747,2020-12-11,6,9,tablet,(direct),(none),56.0,2,4,41,34,6,0,,0
9122125.3213698084,2020-12-17,5,3,tablet,(direct),(none),15.0,2,1,7,2,4,0,0,0
55876955.1461572499,2020-12-18,6,7,tablet,(direct),(none),79.0,1,2,0,0,3,0,0,0
32439085.2055424151,2020-12-21,2,18,tablet,(direct),(none),71.0,3,11,102,8,33,0,,0
30509185.4786918873,2020-11-16,2,19,tablet,<Other>,<Other>,22.0,1,1,2,0,4,0,0,0
37312730.1216270172,2020-11-24,3,18,tablet,<Other>,<Other>,60.0,2,2,5,0,2,0,18,0
88367970.2111524274,2020-11-28,7,10,tablet,<Other>,<Other>,14.0,1,1,10,0,1,1,0,0
6429413943.0975708335,2020-11-30,2,16,tablet,<Other>,<Other>,7.0,1,2,6,2,10,0,0,0
7526600.8101698809,2020-12-06,1,8,tablet,<Other>,<Other>,30.0,1,1,5,1,10,1,0,0
16272274.3067840734,2020-12-08,3,23,tablet,<Other>,<Other>,20.0,3,1,5,4,4,0,0,0
1213730.9590306741,2020-12-10,5,9,tablet,<Other>,<Other>,21.0,2,1,2,0,2,0,0,0
45644670.7272314798,2020-12-10,5,8,tablet,google,cpc,35.0,3,1,23,12,2,0,0,0
6488582.8788491425,2020-11-21,7,8,tablet,google,organic,161.0,11,4,41,0,3,0,,0
28202253.7064162636,2020-11-23,2,15,tablet,google,organic,172.0,3,2,20,0,2,0,,1
2298657.2118304279,2020-11-27,6,8,tablet,google,organic,73.0,2,4,14,2,1,0,,1
4335558.7768891561,2020-12-03,5,8,tablet,<Other>,organic,28.0,2,1,2,0,2,0,0,1
8646619.3463076710,2020-12-05,7,15,tablet,google,organic,71.0,3,3,9,6,6,0,1,0
61974636.1433743426,2020-12-05,7,19,tablet,google,organic,50.0,3,1,13,0,2,2,0,0
4405280.4717578167,2020-12-07,2,19,tablet,google,organic,46.0,1,1,7,3,2,0,0,0
71948032.1971599305,2020-12-08,3,2,tablet,google,organic,33.0,2,1,21,7,2,0,0,0
77713003.6357610057,2020-12-14,2,2,tablet,google,organic,105.0,8,1,32,15,12,0,0,0
83712753.2730874013,2020-12-21,2,16,tablet,google,organic,30.0,1,4,16,7,6,0,3,0
1016446.8237887674,2020-12-21,2,11,tablet,google,organic,86.0,6,2,20,6,12,0,0,0
1811862.9527400954,2020-12-24,5,4,tablet,google,organic,76.0,1,2,39,0,6,0,1,0
3030394.7459625087,2020-11-15,1,17,tablet,<Other>,referral,174.0,6,2,62,0,6,0,,0
61075770.3143256951,2020-11-23,2,16,tablet,shop.googlemerchandisestore.com,referral,24.0,1,3,8,0,2,0,19,0
32820105.2111076078,2020-11-23,2,21,tablet,shop.googlemerchandisestore.com,referral,193.0,8,2,19,0,3,0,,0
17600486.2275967341,2020-11-27,6,15,tablet,<Other>,referral,34.0,2,6,30,3,1,0,,1
46727904.9693724828,2020-11-27,6,8,tablet,shop.googlemerchandisestore.com,referral,43.0,7,3,72,31,1,0,2,1
50546952.1039923649,2020-11-29,1,6,tablet,shop.googlemerchandisestore.com,referral,243.0,5,2,27,26,2,1,0,0
60299874.7541071764,2020-12-02,4,0,tablet,shop.googlemerchandisestore.com,referral,57.0,3,9,98,7,5,6,27,0
4330656.2276757747,2020-12-03,5,12,tablet,<Other>,referral,13.0,1,1,2,2,2,0,0,0
5002058.4107238120,2020-12-08,3,9,tablet,<Other>,referral,362.0,5,4,48,24,2,0,,1
29538225.3205476258,2020-12-09,4,19,tablet,shop.googlemerchandisestore.com,referral,44.0,1,3,4,0,4,0,19,0
6810577.5817571027,2020-12-09,4,10,tablet,shop.googlemerchandisestore.com,referral,14.0,1,2,7,3,3,0,21,0
4297256.3583247994,2020-12-16,4,9,tablet,shop.googlemerchandisestore.com,referral,60.0,4,1,4,3,4,0,0,0
6726337.6675267552,2020-12-21,2,12,tablet,<Other>,referral,16.0,1,4,11,1,3,0,39,0